estimator_name,gene_0,fpr,tpr,threshold
SVM,RAX,"[0.0, 0.0, 0.06666666666666667, 0.06666666666666667, 0.13333333333333333, 0.13333333333333333, 0.26666666666666666, 0.26666666666666666, 0.4666666666666667, 0.4666666666666667, 0.5333333333333333, 1.0, 1.0]","[0.0, 0.06666666666666667, 0.06666666666666667, 0.13333333333333333, 0.13333333333333333, 0.26666666666666666, 0.26666666666666666, 0.4, 0.4, 0.4666666666666667, 0.4666666666666667, 0.8, 1.0]","[       inf 0.51194468 0.51089377 0.5107806  0.5107127  0.51025851
 0.5095516  0.50750536 0.5060351  0.50573361 0.50508313 0.5
 0.49020363]"
