accuracy_diff,recall_diff,f1_score_diff,AUC_diff,MCC_diff,fbeta2_score_diff,train_model
0.02162921348314606,0.007849731166795697,0.012059456537271912,0.0724053862708674,0.11517464574722122,0.00954362469575899,DecisionTree
0.010744382022471988,0.0021903458127493112,0.005963549901538151,0.0034666087287876625,0.058968205665127504,0.0037048231937854225,RandomForest
-0.009761235955056157,-0.006409836716068484,-0.005490600424027964,-0.00481966764879121,-0.05008259230823988,-0.006035829421861943,SVM
-0.0006320224719100764,-0.0027061881237227525,-0.0003936603280792317,-0.0012841763603974876,-0.001997500923059642,-0.0017699451139981948,XGBoost
