estimator_name,gene_0,gene_1,gene_2,gene_3,fpr,tpr,threshold
DecisionTree,FGF12,IMMP2L,RAX,SLCO4C1,"[0.0, 0.0, 0.06666666666666667, 1.0]","[0.0, 0.9333333333333333, 1.0, 1.0]",[inf 1.  0.5 0. ]
DecisionTree,FGF12,IMMP2L,RAX,TMEFF2,"[0.0, 0.0, 0.06666666666666667, 0.13333333333333333, 0.3333333333333333, 1.0]","[0.0, 0.7333333333333333, 0.8666666666666667, 0.9333333333333333, 1.0, 1.0]",[       inf 1.         0.66666667 0.5        0.25       0.        ]
DecisionTree,SERPINB5,IMMP2L,RAX,SLCO4C1,"[0.0, 0.0, 1.0]","[0.0, 1.0, 1.0]",[inf  1.  0.]
DecisionTree,SERPINB5,IMMP2L,RAX,TMEFF2,"[0.0, 0.0, 1.0]","[0.0, 1.0, 1.0]",[inf  1.  0.]
DecisionTree,SH3D19,IMMP2L,RAX,SLCO4C1,"[0.0, 0.0, 0.2, 1.0]","[0.0, 0.6, 1.0, 1.0]",[       inf 1.         0.66666667 0.        ]
DecisionTree,SH3D19,IMMP2L,RAX,TMEFF2,"[0.0, 0.0, 1.0]","[0.0, 1.0, 1.0]",[inf  1.  0.]
DecisionTree,SIAH3,IMMP2L,RAX,SLCO4C1,"[0.0, 0.0, 0.13333333333333333, 0.26666666666666666, 1.0]","[0.0, 0.6666666666666666, 0.9333333333333333, 1.0, 1.0]",[       inf 1.         0.66666667 0.33333333 0.        ]
DecisionTree,SIAH3,IMMP2L,RAX,TMEFF2,"[0.0, 0.0, 0.06666666666666667, 0.4666666666666667, 1.0]","[0.0, 0.6666666666666666, 0.8, 1.0, 1.0]",[       inf 1.         0.66666667 0.33333333 0.        ]
