estimator_name,gene_0,gene_1,gene_2,gene_3,accuracy,recall,specificity,precision,f1_score,AUC,MCC,fbeta2_score
DecisionTree,FGF12,IMMP2L,RAX,SLCO4C1,0.9666666666666667,0.9333333333333333,1.0,1.0,0.9655172413793104,0.9977777777777778,0.9354143466934853,0.9459459459459459
DecisionTree,FGF12,IMMP2L,RAX,TMEFF2,0.9,0.8666666666666667,0.9333333333333333,0.9285714285714286,0.896551724137931,0.9733333333333334,0.8017837257372731,0.8783783783783784
DecisionTree,SERPINB5,IMMP2L,RAX,SLCO4C1,1.0,1.0,1.0,1.0,1.0,1.0,1.0,1.0
DecisionTree,SERPINB5,IMMP2L,RAX,TMEFF2,1.0,1.0,1.0,1.0,1.0,1.0,1.0,1.0
DecisionTree,SH3D19,IMMP2L,RAX,SLCO4C1,0.9,1.0,0.8,0.8333333333333334,0.9090909090909091,0.9600000000000001,0.816496580927726,0.9615384615384616
DecisionTree,SH3D19,IMMP2L,RAX,TMEFF2,1.0,1.0,1.0,1.0,1.0,1.0,1.0,1.0
DecisionTree,SIAH3,IMMP2L,RAX,SLCO4C1,0.9,0.9333333333333333,0.8666666666666667,0.875,0.9032258064516129,0.9688888888888889,0.8017837257372731,0.9210526315789473
DecisionTree,SIAH3,IMMP2L,RAX,TMEFF2,0.8666666666666667,0.8,0.9333333333333333,0.9230769230769231,0.8571428571428571,0.9422222222222223,0.7399400733959437,0.821917808219178
