estimator_name,gene_0,gene_1,gene_2,gene_3,accuracy,recall,specificity,precision,f1_score,AUC,MCC,fbeta2_score
RandomForest,FGF12,IMMP2L,RAX,SLCO4C1,1.0,1.0,1.0,1.0,1.0,1.0,1.0,1.0
RandomForest,FGF12,IMMP2L,RAX,TMEFF2,0.9333333333333333,0.9333333333333333,0.9333333333333333,0.9333333333333333,0.9333333333333333,0.9911111111111112,0.8666666666666667,0.9333333333333333
RandomForest,SERPINB5,IMMP2L,RAX,SLCO4C1,0.9333333333333333,0.9333333333333333,0.9333333333333333,0.9333333333333333,0.9333333333333333,0.9777777777777779,0.8666666666666667,0.9333333333333333
RandomForest,SERPINB5,IMMP2L,RAX,TMEFF2,0.8666666666666667,0.8,0.9333333333333333,0.9230769230769231,0.8571428571428571,0.9777777777777777,0.7399400733959437,0.821917808219178
RandomForest,SH3D19,IMMP2L,RAX,SLCO4C1,0.9666666666666667,1.0,0.9333333333333333,0.9375,0.967741935483871,1.0,0.9354143466934853,0.9868421052631579
RandomForest,SH3D19,IMMP2L,RAX,TMEFF2,0.9666666666666667,1.0,0.9333333333333333,0.9375,0.967741935483871,1.0,0.9354143466934853,0.9868421052631579
RandomForest,SIAH3,IMMP2L,RAX,SLCO4C1,1.0,1.0,1.0,1.0,1.0,1.0,1.0,1.0
RandomForest,SIAH3,IMMP2L,RAX,TMEFF2,1.0,1.0,1.0,1.0,1.0,1.0,1.0,1.0
