estimator_name,gene_0,gene_1,gene_2,gene_3,fpr,tpr,threshold
SVM,FGF12,IMMP2L,RAX,SLCO4C1,"[0.0, 0.0, 0.0, 0.06666666666666667, 0.06666666666666667, 0.13333333333333333, 0.13333333333333333, 0.2, 0.2, 1.0]","[0.0, 0.06666666666666667, 0.4666666666666667, 0.4666666666666667, 0.8, 0.8, 0.8666666666666667, 0.8666666666666667, 1.0, 1.0]","[       inf 0.94560848 0.91144757 0.89063336 0.40918534 0.38446937
 0.30696031 0.30157101 0.2886062  0.17912168]"
SVM,FGF12,IMMP2L,RAX,TMEFF2,"[0.0, 0.0, 0.0, 0.13333333333333333, 0.13333333333333333, 1.0, 1.0]","[0.0, 0.06666666666666667, 0.6666666666666666, 0.6666666666666666, 0.9333333333333333, 0.9333333333333333, 1.0]","[       inf 0.99545555 0.61282421 0.5115094  0.42907622 0.32813499
 0.3157181 ]"
SVM,SERPINB5,IMMP2L,RAX,SLCO4C1,"[0.0, 0.0, 0.0, 0.06666666666666667, 0.06666666666666667, 0.2, 0.2, 1.0]","[0.0, 0.06666666666666667, 0.8, 0.8, 0.8666666666666667, 0.8666666666666667, 1.0, 1.0]","[       inf 0.95400182 0.79891975 0.75129215 0.51763245 0.43050061
 0.38239014 0.05131521]"
SVM,SERPINB5,IMMP2L,RAX,TMEFF2,"[0.0, 0.0, 0.0, 0.06666666666666667, 0.06666666666666667, 0.7333333333333333, 0.7333333333333333, 1.0]","[0.0, 0.06666666666666667, 0.6, 0.6, 0.8666666666666667, 0.8666666666666667, 1.0, 1.0]","[       inf 0.99208753 0.57940737 0.5640652  0.41057963 0.34014377
 0.32213877 0.30308621]"
SVM,SH3D19,IMMP2L,RAX,SLCO4C1,"[0.0, 0.0, 0.0, 0.06666666666666667, 0.06666666666666667, 1.0]","[0.0, 0.06666666666666667, 0.7333333333333333, 0.7333333333333333, 1.0, 1.0]",[       inf 0.99999985 0.77022955 0.75619809 0.55907324 0.05249801]
SVM,SH3D19,IMMP2L,RAX,TMEFF2,"[0.0, 0.0, 0.0, 0.13333333333333333, 0.13333333333333333, 1.0]","[0.0, 0.06666666666666667, 0.8, 0.8, 1.0, 1.0]",[       inf 0.99507024 0.67712789 0.6626041  0.51575299 0.10758846]
SVM,SIAH3,IMMP2L,RAX,SLCO4C1,"[0.0, 0.0, 0.0, 0.06666666666666667, 0.06666666666666667, 0.2, 0.2, 1.0]","[0.0, 0.06666666666666667, 0.6, 0.6, 0.8, 0.8, 1.0, 1.0]","[       inf 0.99645245 0.72309103 0.63032994 0.52564604 0.40042906
 0.35685665 0.16323341]"
SVM,SIAH3,IMMP2L,RAX,TMEFF2,"[0.0, 0.06666666666666667, 0.5333333333333333, 0.5333333333333333, 0.9333333333333333, 0.9333333333333333, 1.0, 1.0]","[0.0, 0.0, 0.0, 0.13333333333333333, 0.13333333333333333, 0.4666666666666667, 0.5333333333333333, 1.0]","[       inf 0.53547316 0.53100528 0.52682141 0.52214735 0.51022421
 0.5        0.44783487]"
