estimator_name,gene_0,gene_1,gene_2,gene_3,accuracy,recall,specificity,precision,f1_score,AUC,MCC,fbeta2_score
SVM,FGF12,IMMP2L,RAX,SLCO4C1,0.8333333333333334,0.7333333333333333,0.9333333333333333,0.9166666666666666,0.8148148148148148,0.9422222222222223,0.6804138174397717,0.7638888888888888
SVM,FGF12,IMMP2L,RAX,TMEFF2,0.8,0.6666666666666666,0.9333333333333333,0.9090909090909091,0.7692307692307693,0.8977777777777778,0.6225430174794672,0.704225352112676
SVM,SERPINB5,IMMP2L,RAX,SLCO4C1,0.8666666666666667,0.8,0.9333333333333333,0.9230769230769231,0.8571428571428571,0.9688888888888889,0.7399400733959437,0.821917808219178
SVM,SERPINB5,IMMP2L,RAX,TMEFF2,0.8,0.6,1.0,1.0,0.75,0.8844444444444445,0.6546536707079772,0.6521739130434783
SVM,SH3D19,IMMP2L,RAX,SLCO4C1,0.9333333333333333,1.0,0.8666666666666667,0.8823529411764706,0.9375,0.9822222222222222,0.8744746321952062,0.974025974025974
SVM,SH3D19,IMMP2L,RAX,TMEFF2,0.9,1.0,0.8,0.8333333333333334,0.9090909090909091,0.9733333333333334,0.816496580927726,0.9615384615384616
SVM,SIAH3,IMMP2L,RAX,SLCO4C1,0.8666666666666667,0.8,0.9333333333333333,0.9230769230769231,0.8571428571428571,0.9466666666666668,0.7399400733959437,0.821917808219178
SVM,SIAH3,IMMP2L,RAX,TMEFF2,0.7333333333333333,0.4666666666666667,1.0,1.0,0.6363636363636364,0.08666666666666667,0.5516772843673705,0.5223880597014925
