estimator_name,gene_0,gene_1,gene_2,gene_3,fpr,tpr,threshold
Voting,FGF12,IMMP2L,RAX,SLCO4C1,"[0.0, 0.0, 0.0, 1.0]","[0.0, 0.06666666666666667, 1.0, 1.0]",[       inf 0.96451139 0.6554684  0.05313964]
Voting,FGF12,IMMP2L,RAX,TMEFF2,"[0.0, 0.0, 0.0, 1.0]","[0.0, 0.06666666666666667, 1.0, 1.0]",[       inf 0.97165582 0.6496351  0.06561918]
Voting,SERPINB5,IMMP2L,RAX,SLCO4C1,"[0.0, 0.0, 0.0, 1.0]","[0.0, 0.06666666666666667, 1.0, 1.0]",[       inf 0.9690336  0.64801136 0.07261646]
Voting,SERPINB5,IMMP2L,RAX,TMEFF2,"[0.0, 0.0, 0.0, 1.0]","[0.0, 0.06666666666666667, 1.0, 1.0]",[       inf 0.97130872 0.64402679 0.07593241]
Voting,SH3D19,IMMP2L,RAX,SLCO4C1,"[0.0, 0.0, 0.0, 1.0]","[0.0, 0.06666666666666667, 1.0, 1.0]",[       inf 0.97181511 0.76247168 0.0352209 ]
Voting,SH3D19,IMMP2L,RAX,TMEFF2,"[0.0, 0.0, 0.0, 1.0]","[0.0, 0.06666666666666667, 1.0, 1.0]",[       inf 0.97285107 0.76784741 0.03345059]
Voting,SIAH3,IMMP2L,RAX,SLCO4C1,"[0.0, 0.0, 0.0, 1.0]","[0.0, 0.06666666666666667, 1.0, 1.0]",[       inf 0.98190143 0.65656211 0.06690042]
Voting,SIAH3,IMMP2L,RAX,TMEFF2,"[0.0, 0.0, 0.0, 1.0]","[0.0, 0.06666666666666667, 1.0, 1.0]",[       inf 0.97102477 0.65906179 0.06412147]
