estimator_name,gene_0,gene_1,gene_2,gene_3,accuracy,recall,specificity,precision,f1_score,AUC,MCC,fbeta2_score
XGBoost,FGF12,IMMP2L,RAX,SLCO4C1,0.9,0.8666666666666667,0.9333333333333333,0.9285714285714286,0.896551724137931,0.9199999999999999,0.8017837257372731,0.8783783783783784
XGBoost,FGF12,IMMP2L,RAX,TMEFF2,0.9333333333333333,0.9333333333333333,0.9333333333333333,0.9333333333333333,0.9333333333333333,0.9688888888888888,0.8666666666666667,0.9333333333333333
XGBoost,SERPINB5,IMMP2L,RAX,SLCO4C1,0.9,0.8666666666666667,0.9333333333333333,0.9285714285714286,0.896551724137931,0.8822222222222222,0.8017837257372731,0.8783783783783784
XGBoost,SERPINB5,IMMP2L,RAX,TMEFF2,0.9,0.8666666666666667,0.9333333333333333,0.9285714285714286,0.896551724137931,0.9111111111111111,0.8017837257372731,0.8783783783783784
XGBoost,SH3D19,IMMP2L,RAX,SLCO4C1,0.9666666666666667,1.0,0.9333333333333333,0.9375,0.967741935483871,0.98,0.9354143466934853,0.9868421052631579
XGBoost,SH3D19,IMMP2L,RAX,TMEFF2,0.9,1.0,0.8,0.8333333333333334,0.9090909090909091,0.9777777777777777,0.816496580927726,0.9615384615384616
XGBoost,SIAH3,IMMP2L,RAX,SLCO4C1,0.8666666666666667,0.8,0.9333333333333333,0.9230769230769231,0.8571428571428571,0.9755555555555555,0.7399400733959437,0.821917808219178
XGBoost,SIAH3,IMMP2L,RAX,TMEFF2,0.8666666666666667,0.8,0.9333333333333333,0.9230769230769231,0.8571428571428571,0.9355555555555556,0.7399400733959437,0.821917808219178
