estimator_name,gene_0,gene_1,gene_2,gene_3,accuracy,recall,specificity,precision,f1_score,AUC,MCC,fbeta2_score
RandomForest,FGF12,IMMP2L,RAX,SLCO4C1,1.0,1.0,1.0,1.0,1.0,1.0,1.0,1.0
RandomForest,FGF12,IMMP2L,RAX,TMEFF2,0.875,1.0,0.75,0.8,0.8888888888888888,0.9375,0.7745966692414834,0.9523809523809523
RandomForest,SERPINB5,IMMP2L,RAX,SLCO4C1,0.875,1.0,0.75,0.8,0.8888888888888888,0.96875,0.7745966692414834,0.9523809523809523
RandomForest,SERPINB5,IMMP2L,RAX,TMEFF2,0.875,1.0,0.75,0.8,0.8888888888888888,0.875,0.7745966692414834,0.9523809523809523
RandomForest,SH3D19,IMMP2L,RAX,SLCO4C1,0.75,1.0,0.5,0.6666666666666666,0.8,0.9375,0.5773502691896258,0.9090909090909091
RandomForest,SH3D19,IMMP2L,RAX,TMEFF2,0.875,1.0,0.75,0.8,0.8888888888888888,0.90625,0.7745966692414834,0.9523809523809523
RandomForest,SIAH3,IMMP2L,RAX,SLCO4C1,0.875,1.0,0.75,0.8,0.8888888888888888,1.0,0.7745966692414834,0.9523809523809523
RandomForest,SIAH3,IMMP2L,RAX,TMEFF2,0.875,1.0,0.75,0.8,0.8888888888888888,0.9375,0.7745966692414834,0.9523809523809523
