estimator_name,gene_0,gene_1,gene_2,gene_3,fpr,tpr,threshold
XGBoost,FGF12,IMMP2L,RAX,SLCO4C1,"[0.0, 0.25, 0.25, 1.0]","[0.0, 0.75, 1.0, 1.0]",[       inf 0.5062536  0.50511163 0.49565354]
XGBoost,FGF12,IMMP2L,RAX,TMEFF2,"[0.0, 0.25, 0.25, 1.0]","[0.0, 0.75, 1.0, 1.0]",[      inf 0.6314285 0.5204663 0.3977217]
XGBoost,SERPINB5,IMMP2L,RAX,SLCO4C1,"[0.0, 0.25, 1.0]","[0.0, 1.0, 1.0]",[      inf 0.5150817 0.4882433]
XGBoost,SERPINB5,IMMP2L,RAX,TMEFF2,"[0.0, 0.25, 0.25, 0.25, 0.5, 1.0]","[0.0, 0.25, 0.75, 1.0, 1.0, 1.0]",[       inf 0.51442295 0.51361924 0.5085072  0.49006185 0.4896653 ]
XGBoost,SH3D19,IMMP2L,RAX,SLCO4C1,"[0.0, 0.25, 0.25, 0.5, 0.5, 1.0]","[0.0, 0.5, 0.75, 0.75, 1.0, 1.0]",[       inf 0.89041305 0.87955683 0.54777366 0.4627534  0.06286125]
XGBoost,SH3D19,IMMP2L,RAX,TMEFF2,"[0.0, 0.25, 0.25, 0.5, 0.5, 1.0]","[0.0, 0.5, 0.75, 0.75, 1.0, 1.0]",[       inf 0.50507927 0.50491196 0.5021155  0.499494   0.4940704 ]
XGBoost,SIAH3,IMMP2L,RAX,SLCO4C1,"[0.0, 0.0, 0.25, 0.75, 1.0]","[0.0, 0.25, 1.0, 1.0, 1.0]",[       inf 0.89526033 0.87069947 0.31378254 0.15393075]
XGBoost,SIAH3,IMMP2L,RAX,TMEFF2,"[0.0, 0.0, 0.25, 0.25, 0.75, 1.0]","[0.0, 0.75, 0.75, 1.0, 1.0, 1.0]",[       inf 0.501777   0.5012506  0.50122094 0.49894723 0.49813834]
