estimator_name,gene_0,gene_1,gene_2,gene_3,fpr,tpr,threshold
Voting,FGF12,IMMP2L,RAX,SLCO4C1,"[0.0, 0.0, 0.0, 1.0]","[0.0, 0.25, 1.0, 1.0]",[       inf 0.96139782 0.90159578 0.10467634]
Voting,FGF12,IMMP2L,RAX,TMEFF2,"[0.0, 0.0, 0.0, 1.0]","[0.0, 0.25, 1.0, 1.0]",[       inf 0.96769687 0.87692906 0.0925185 ]
Voting,SERPINB5,IMMP2L,RAX,SLCO4C1,"[0.0, 0.0, 0.0, 1.0]","[0.0, 0.25, 1.0, 1.0]",[       inf 0.94357442 0.86415657 0.10188062]
Voting,SERPINB5,IMMP2L,RAX,TMEFF2,"[0.0, 0.0, 0.0, 1.0]","[0.0, 0.25, 1.0, 1.0]",[       inf 0.95022354 0.83656845 0.10260887]
Voting,SH3D19,IMMP2L,RAX,SLCO4C1,"[0.0, 0.0, 0.0, 0.25, 0.25, 1.0]","[0.0, 0.25, 0.75, 0.75, 1.0, 1.0]",[       inf 0.9235964  0.87382017 0.72474047 0.63420583 0.02939305]
Voting,SH3D19,IMMP2L,RAX,TMEFF2,"[0.0, 0.0, 0.0, 0.5, 0.5, 1.0]","[0.0, 0.25, 0.75, 0.75, 1.0, 1.0]",[       inf 0.93426053 0.85985327 0.69786351 0.56780418 0.037708  ]
Voting,SIAH3,IMMP2L,RAX,SLCO4C1,"[0.0, 0.0, 0.0, 0.25, 0.25, 1.0]","[0.0, 0.25, 0.75, 0.75, 1.0, 1.0]",[       inf 0.94251471 0.88833002 0.85202394 0.6572854  0.08094357]
Voting,SIAH3,IMMP2L,RAX,TMEFF2,"[0.0, 0.0, 0.0, 0.25, 0.25, 1.0]","[0.0, 0.25, 0.75, 0.75, 1.0, 1.0]",[       inf 0.96467146 0.86026702 0.83638202 0.64974242 0.08355932]
