estimator_name,gene_0,gene_1,gene_2,gene_3,accuracy,recall,specificity,precision,f1_score,AUC,MCC,fbeta2_score
XGBoost,FGF12,IMMP2L,RAX,SLCO4C1,0.875,1.0,0.75,0.8,0.8888888888888888,0.84375,0.7745966692414834,0.9523809523809523
XGBoost,FGF12,IMMP2L,RAX,TMEFF2,0.875,1.0,0.75,0.8,0.8888888888888888,0.84375,0.7745966692414834,0.9523809523809523
XGBoost,SERPINB5,IMMP2L,RAX,SLCO4C1,0.875,1.0,0.75,0.8,0.8888888888888888,0.875,0.7745966692414834,0.9523809523809523
XGBoost,SERPINB5,IMMP2L,RAX,TMEFF2,0.875,1.0,0.75,0.8,0.8888888888888888,0.78125,0.7745966692414834,0.9523809523809523
XGBoost,SH3D19,IMMP2L,RAX,SLCO4C1,0.625,0.75,0.5,0.6,0.6666666666666666,0.75,0.2581988897471611,0.7142857142857143
XGBoost,SH3D19,IMMP2L,RAX,TMEFF2,0.625,0.75,0.5,0.6,0.6666666666666666,0.75,0.2581988897471611,0.7142857142857143
XGBoost,SIAH3,IMMP2L,RAX,SLCO4C1,0.875,1.0,0.75,0.8,0.8888888888888888,0.90625,0.7745966692414834,0.9523809523809523
XGBoost,SIAH3,IMMP2L,RAX,TMEFF2,0.875,1.0,0.75,0.8,0.8888888888888888,0.9375,0.7745966692414834,0.9523809523809523
