estimator_name,gene_0,gene_1,gene_2,accuracy,recall,specificity,precision,f1_score,AUC,MCC,fbeta2_score
DecisionTree,CFTR,LAMA4,TMEM196,0.784090909090909,0.9318181818181819,0.6363636363636365,0.7190001824484584,0.811482131314064,0.8948347107438016,0.5960406991367192,0.8795694721087957
DecisionTree,SYN2,LAMA4,TMEM196,0.784090909090909,0.9318181818181819,0.6363636363636365,0.7190001824484584,0.811482131314064,0.8948347107438016,0.5960406991367192,0.8795694721087957
DecisionTree,HCK,SBK2,WISP1,0.8499999999999999,0.9727272727272729,0.7272727272727274,0.7807008547008547,0.8658986828774063,0.9367768595041323,0.7235273801136081,0.9268875459801539
DecisionTree,PTPRN,SBK2,WISP1,0.8454545454545455,0.9181818181818182,0.7727272727272726,0.8013532763532762,0.8555452245653118,0.8677685950413224,0.6991947879786964,0.891983433477885
DecisionTree,HCK,LAMA4,SIM1,0.8340909090909092,0.9863636363636366,0.6818181818181818,0.7560344827586207,0.8559215686274511,0.9664256198347108,0.7018678148894975,0.9296713822575893
DecisionTree,HCK,LAMA4,MIR921,0.8181818181818181,0.9545454545454547,0.6818181818181818,0.7498722860791827,0.8398143257302921,0.8512396694214874,0.6620592943877311,0.9050506797883109
