estimator_name,gene_0,gene_1,gene_2,accuracy,recall,specificity,precision,f1_score,AUC,MCC,fbeta2_score
DecisionTree,CFTR,LAMA4,TMEM196,0.8994708994708994,0.9341317365269461,0.6363636363636364,0.9512195121951219,0.9425981873111783,0.900244964616222,0.5400447816974975,0.9375
DecisionTree,SYN2,LAMA4,TMEM196,0.8994708994708994,0.9341317365269461,0.6363636363636364,0.9512195121951219,0.9425981873111783,0.900244964616222,0.5400447816974975,0.9375
DecisionTree,HCK,SBK2,WISP1,0.9417989417989417,0.9700598802395209,0.7272727272727273,0.9642857142857143,0.9671641791044776,0.9369896570495373,0.711615274085981,0.9688995215311005
DecisionTree,PTPRN,SBK2,WISP1,0.9153439153439153,0.9341317365269461,0.7727272727272727,0.968944099378882,0.9512195121951219,0.8689439303211758,0.6381318479211289,0.9408926417370326
DecisionTree,HCK,LAMA4,SIM1,0.9470899470899471,0.9820359281437125,0.6818181818181818,0.9590643274853801,0.9704142011834319,0.9642079477408819,0.7252836988783727,0.9773539928486293
DecisionTree,HCK,LAMA4,MIR921,0.9259259259259259,0.9580838323353293,0.6818181818181818,0.9580838323353293,0.9580838323353293,0.852612955906369,0.6399020141535111,0.9580838323353293
