estimator_name,gene_0,gene_1,gene_2,accuracy,recall,specificity,precision,f1_score,AUC,MCC,fbeta2_score
RandomForest,CFTR,LAMA4,TMEM196,0.9470899470899471,0.9820359281437125,0.6818181818181818,0.9590643274853801,0.9704142011834319,0.9514153511159499,0.7252836988783727,0.9773539928486293
RandomForest,SYN2,LAMA4,TMEM196,0.9470899470899471,0.9820359281437125,0.6818181818181818,0.9590643274853801,0.9704142011834319,0.9514153511159499,0.7252836988783727,0.9773539928486293
RandomForest,HCK,SBK2,WISP1,0.9523809523809523,0.9880239520958084,0.6818181818181818,0.9593023255813954,0.9734513274336283,0.9934676102340773,0.7508502912731922,0.9821428571428571
RandomForest,PTPRN,SBK2,WISP1,0.9629629629629629,0.9880239520958084,0.7727272727272727,0.9705882352941176,0.9792284866468842,0.9891126837234622,0.8113551087543027,0.9844868735083532
RandomForest,HCK,LAMA4,SIM1,0.9523809523809523,0.9880239520958084,0.6818181818181818,0.9593023255813954,0.9734513274336283,0.9861186717474142,0.7508502912731922,0.9821428571428571
RandomForest,HCK,LAMA4,MIR921,0.9470899470899471,0.9880239520958084,0.6363636363636364,0.953757225433526,0.9705882352941176,0.9670658682634731,0.7193509056133729,0.9809750297265161
