estimator_name,gene_0,gene_1,gene_2,accuracy,recall,specificity,precision,f1_score,AUC,MCC,fbeta2_score
RandomForest,CFTR,LAMA4,TMEM196,0.8295454545454545,0.9772727272727273,0.6818181818181818,0.7543103448275863,0.851372549019608,0.9441115702479339,0.6903163899971119,0.9226716769820218
RandomForest,SYN2,LAMA4,TMEM196,0.8295454545454545,0.9772727272727273,0.6818181818181818,0.7543103448275863,0.851372549019608,0.9441115702479339,0.6903163899971119,0.9226716769820218
RandomForest,HCK,SBK2,WISP1,0.8363636363636365,0.990909090909091,0.6818181818181818,0.756896551724138,0.8581960784313727,0.9941115702479338,0.7076435273356904,0.9331712348953729
RandomForest,PTPRN,SBK2,WISP1,0.8818181818181818,0.990909090909091,0.7727272727272726,0.8133903133903134,0.8933673469387756,0.990392561983471,0.7827136904194256,0.9494279176201372
RandomForest,HCK,LAMA4,SIM1,0.8363636363636365,0.9909090909090909,0.6818181818181818,0.7568326947637293,0.8581032412965188,0.9871900826446283,0.7079542606464821,0.9331103678929766
RandomForest,HCK,LAMA4,MIR921,0.8113636363636365,0.9863636363636363,0.6363636363636365,0.7305747126436782,0.839366515837104,0.9694214876033058,0.6651817233240809,0.9217731421121252
