estimator_name,gene_0,gene_1,gene_2,accuracy,recall,specificity,precision,f1_score,AUC,MCC,fbeta2_score
SVM,CFTR,LAMA4,TMEM196,0.8659090909090909,0.9590909090909093,0.7727272727272726,0.8084045584045583,0.877295918367347,0.9566115702479339,0.744989440231862,0.9245995423340959
SVM,SYN2,LAMA4,TMEM196,0.8659090909090909,0.9590909090909093,0.7727272727272726,0.8084045584045583,0.877295918367347,0.9566115702479339,0.744989440231862,0.9245995423340959
SVM,HCK,SBK2,WISP1,0.8522727272727272,0.9772727272727273,0.7272727272727274,0.7816849816849817,0.8684761904761904,0.984090909090909,0.7283144031082176,0.9305978589652542
SVM,PTPRN,SBK2,WISP1,0.925,0.9863636363636363,0.8636363636363635,0.8785000000000001,0.9292321924144311,0.9888429752066115,0.8567210029730189,0.9626659292035397
SVM,HCK,LAMA4,SIM1,0.8795454545454546,0.9863636363636363,0.7727272727272726,0.8126210826210827,0.890973729917499,0.9576446280991735,0.7775783844172303,0.9458182296834815
SVM,HCK,LAMA4,MIR921,0.8295454545454547,0.9772727272727272,0.6818181818181818,0.7542464878671776,0.8512797118847539,0.9758264462809917,0.6906271233079038,0.9226108099796256
