estimator_name,gene_0,gene_1,gene_2,accuracy,recall,specificity,precision,f1_score,AUC,MCC,fbeta2_score
SVM,CFTR,LAMA4,TMEM196,0.9417989417989417,0.9640718562874252,0.7727272727272727,0.9698795180722891,0.9669669669669669,0.9684267827980403,0.7227709981219783,0.9652278177458034
SVM,SYN2,LAMA4,TMEM196,0.9417989417989417,0.9640718562874252,0.7727272727272727,0.9698795180722891,0.9669669669669669,0.9684267827980403,0.7227709981219783,0.9652278177458034
SVM,HCK,SBK2,WISP1,0.9417989417989417,0.9700598802395209,0.7272727272727273,0.9642857142857143,0.9671641791044776,0.9839412084921066,0.711615274085981,0.9688995215311005
SVM,PTPRN,SBK2,WISP1,0.9682539682539683,0.9820359281437125,0.8636363636363636,0.9820359281437125,0.9820359281437125,0.987207403375068,0.8456722917800762,0.9820359281437125
SVM,HCK,LAMA4,SIM1,0.9523809523809523,0.9760479041916168,0.7727272727272727,0.9702380952380952,0.9731343283582089,0.9561785519869351,0.7641114828300288,0.9748803827751196
SVM,HCK,LAMA4,MIR921,0.9365079365079365,0.9700598802395209,0.6818181818181818,0.9585798816568047,0.9642857142857143,0.9689711486118671,0.6796379036424575,0.967741935483871
