estimator_name,gene_0,gene_1,gene_2,accuracy,recall,specificity,precision,f1_score,AUC,MCC,fbeta2_score
Voting,CFTR,LAMA4,TMEM196,0.9417989417989417,0.9760479041916168,0.6818181818181818,0.9588235294117647,0.9673590504451038,0.9646162221012521,0.7016262246365473,0.9725536992840096
Voting,SYN2,LAMA4,TMEM196,0.9417989417989417,0.9760479041916168,0.6818181818181818,0.9588235294117647,0.9673590504451038,0.9646162221012521,0.7016262246365473,0.9725536992840096
Voting,HCK,SBK2,WISP1,0.9576719576719577,0.9880239520958084,0.7272727272727273,0.9649122807017544,0.9763313609467456,0.9899292324442025,0.7814864947324164,0.9833134684147795
Voting,PTPRN,SBK2,WISP1,0.9576719576719577,0.9760479041916168,0.8181818181818182,0.9760479041916168,0.9760479041916168,0.9858464888405009,0.7942297223734349,0.9760479041916168
Voting,HCK,LAMA4,SIM1,0.9576719576719577,0.9940119760479041,0.6818181818181818,0.9595375722543352,0.9764705882352941,0.9891126837234623,0.7786173926059307,0.9869203329369798
Voting,HCK,LAMA4,MIR921,0.9470899470899471,0.9880239520958084,0.6363636363636364,0.953757225433526,0.9705882352941176,0.9403919433859553,0.7193509056133729,0.9809750297265161
