estimator_name,gene_0,gene_1,gene_2,accuracy,recall,specificity,precision,f1_score,AUC,MCC,fbeta2_score
XGBoost,CFTR,LAMA4,TMEM196,0.85,0.9727272727272729,0.7272727272727274,0.780952380952381,0.8662857142857142,0.9620867768595043,0.7224556036157848,0.9271364317841078
XGBoost,SYN2,LAMA4,TMEM196,0.85,0.9727272727272729,0.7272727272727274,0.780952380952381,0.8662857142857142,0.9620867768595043,0.7224556036157848,0.9271364317841078
XGBoost,HCK,SBK2,WISP1,0.859090909090909,0.990909090909091,0.7272727272727274,0.7841269841269841,0.8754285714285714,0.991115702479339,0.7447711652175646,0.9412293853073462
XGBoost,PTPRN,SBK2,WISP1,0.9,0.9818181818181818,0.8181818181818181,0.8436410256410255,0.9073465926611162,0.9861570247933885,0.8114675794024947,0.9505650187415442
XGBoost,HCK,LAMA4,SIM1,0.7931818181818182,0.9954545454545455,0.5909090909090909,0.708709677419355,0.8279390420899855,0.9742768595041325,0.6413725175993721,0.9209158239567016
XGBoost,HCK,LAMA4,MIR921,0.7431818181818183,0.9863636363636363,0.5,0.6635416666666667,0.7933333333333332,0.9700413223140497,0.5572382973566867,0.8988636363636363
