estimator_name,gene_0,gene_1,gene_2,accuracy,recall,specificity,precision,f1_score,AUC,MCC,fbeta2_score
XGBoost,CFTR,LAMA4,TMEM196,0.9523809523809523,0.9820359281437125,0.7272727272727273,0.9647058823529412,0.973293768545994,0.9697876973326076,0.7564906666954251,0.9785202863961814
XGBoost,SYN2,LAMA4,TMEM196,0.9523809523809523,0.9820359281437125,0.7272727272727273,0.9647058823529412,0.973293768545994,0.9697876973326076,0.7564906666954251,0.9785202863961814
XGBoost,HCK,SBK2,WISP1,0.9576719576719577,0.9880239520958084,0.7272727272727273,0.9649122807017544,0.9763313609467456,0.9918345127925966,0.7814864947324164,0.9833134684147795
XGBoost,PTPRN,SBK2,WISP1,0.9629629629629629,0.9820359281437125,0.8181818181818182,0.9761904761904762,0.9791044776119403,0.9861186717474142,0.8166076915740766,0.9808612440191388
XGBoost,HCK,LAMA4,SIM1,0.9470899470899471,0.9940119760479041,0.5909090909090909,0.9485714285714286,0.9707602339181286,0.9744148067501361,0.7162816037521186,0.9845788849347569
XGBoost,HCK,LAMA4,MIR921,0.9312169312169312,0.9880239520958084,0.5,0.9375,0.9620991253644315,0.9718290691344583,0.6184188282022796,0.9774881516587678
