estimator_name,gene_0,gene_1,gene_2,gene_3,accuracy,recall,specificity,precision,f1_score,AUC,MCC,fbeta2_score
DecisionTree,FNDC1,KCNA1,RSPO3,SMAD9,0.7105263157894737,0.7894736842105263,0.631578947368421,0.6818181818181818,0.7317073170731707,0.7105263157894737,0.4264014327112209,0.7653061224489796
DecisionTree,FNDC1,KCNA1,TIAM1,SMAD9,0.7631578947368421,0.8421052631578947,0.6842105263157895,0.7272727272727273,0.7804878048780488,0.763157894736842,0.5330017908890261,0.8163265306122449
DecisionTree,FNDC1,KCNA1,TMEM108,SMAD9,0.7631578947368421,0.8947368421052632,0.631578947368421,0.7083333333333334,0.7906976744186046,0.763157894736842,0.545544725589981,0.85
DecisionTree,FNDC1,SLC13A5,RSPO3,SMAD9,0.7105263157894737,0.7894736842105263,0.631578947368421,0.6818181818181818,0.7317073170731707,0.7105263157894737,0.4264014327112209,0.7653061224489796
DecisionTree,FNDC1,SLC13A5,TIAM1,SMAD9,0.7894736842105263,0.8421052631578947,0.7368421052631579,0.7619047619047619,0.8,0.7894736842105263,0.5821817364274594,0.8247422680412371
DecisionTree,FNDC1,SLC13A5,TMEM108,SMAD9,0.8421052631578947,0.9473684210526315,0.7368421052631579,0.782608695652174,0.8571428571428571,0.8421052631578948,0.6998964726756151,0.9090909090909091
DecisionTree,FNDC1,SLC22A16,RSPO3,SMAD9,0.7894736842105263,0.8421052631578947,0.7368421052631579,0.7619047619047619,0.8,0.7894736842105263,0.5821817364274594,0.8247422680412371
DecisionTree,FNDC1,SLC22A16,TIAM1,SMAD9,0.7368421052631579,0.8421052631578947,0.631578947368421,0.6956521739130435,0.7619047619047619,0.7783933518005541,0.4845437118523489,0.8080808080808081
DecisionTree,FNDC1,SLC22A16,TMEM108,SMAD9,0.7894736842105263,0.8947368421052632,0.6842105263157895,0.7391304347826086,0.8095238095238095,0.7894736842105263,0.592220092263982,0.8585858585858586
