estimator_name,gene_0,gene_1,gene_2,gene_3,accuracy,recall,specificity,precision,f1_score,AUC,MCC,fbeta2_score
RandomForest,FNDC1,KCNA1,RSPO3,SMAD9,0.7631578947368423,0.8421052631578947,0.6842105263157895,0.7272727272727274,0.7804878048780487,0.8504155124653738,0.533001790889026,0.8163265306122449
RandomForest,FNDC1,KCNA1,TIAM1,SMAD9,0.8157894736842104,0.9473684210526316,0.6842105263157895,0.75,0.8372093023255813,0.8864265927977841,0.6546536707079771,0.9000000000000001
RandomForest,FNDC1,KCNA1,TMEM108,SMAD9,0.8157894736842104,0.9473684210526316,0.6842105263157895,0.75,0.8372093023255813,0.8698060941828254,0.6546536707079771,0.9000000000000001
RandomForest,FNDC1,SLC13A5,RSPO3,SMAD9,0.7894736842105264,0.8947368421052632,0.6842105263157895,0.7391304347826085,0.8095238095238095,0.847645429362881,0.5922200922639821,0.8585858585858583
RandomForest,FNDC1,SLC13A5,TIAM1,SMAD9,0.7368421052631577,0.8947368421052632,0.5789473684210528,0.6799999999999999,0.7727272727272726,0.8795013850415512,0.4992301766027062,0.8415841584158417
RandomForest,FNDC1,SLC13A5,TMEM108,SMAD9,0.7894736842105264,0.9473684210526316,0.6315789473684211,0.7199999999999999,0.8181818181818181,0.8642659279778393,0.6101702158477521,0.8910891089108912
RandomForest,FNDC1,SLC22A16,RSPO3,SMAD9,0.7631578947368423,0.8421052631578947,0.6842105263157895,0.7272727272727274,0.7804878048780487,0.8407202216066485,0.533001790889026,0.8163265306122449
RandomForest,FNDC1,SLC22A16,TIAM1,SMAD9,0.7894736842105264,0.8947368421052632,0.6842105263157895,0.7391304347826085,0.8095238095238095,0.8614958448753463,0.5922200922639821,0.8585858585858583
RandomForest,FNDC1,SLC22A16,TMEM108,SMAD9,0.8157894736842104,0.9473684210526316,0.6842105263157895,0.75,0.8372093023255813,0.8559556786703604,0.6546536707079771,0.9000000000000001
