estimator_name,gene_0,gene_1,gene_2,gene_3,accuracy,recall,specificity,precision,f1_score,AUC,MCC,fbeta2_score
SVM,FNDC1,KCNA1,RSPO3,SMAD9,0.7894736842105263,0.8421052631578947,0.7368421052631579,0.7619047619047619,0.8,0.9058171745152355,0.5821817364274594,0.8247422680412371
SVM,FNDC1,KCNA1,TIAM1,SMAD9,0.8157894736842105,0.9473684210526315,0.6842105263157895,0.75,0.8372093023255814,0.8947368421052632,0.6546536707079772,0.9
SVM,FNDC1,KCNA1,TMEM108,SMAD9,0.8421052631578947,1.0,0.6842105263157895,0.76,0.8636363636363636,0.9390581717451524,0.7211102550927978,0.9405940594059405
SVM,FNDC1,SLC13A5,RSPO3,SMAD9,0.7894736842105263,0.8947368421052632,0.6842105263157895,0.7391304347826086,0.8095238095238095,0.8864265927977839,0.592220092263982,0.8585858585858586
SVM,FNDC1,SLC13A5,TIAM1,SMAD9,0.7631578947368421,0.8947368421052632,0.631578947368421,0.7083333333333334,0.7906976744186046,0.8864265927977839,0.545544725589981,0.85
SVM,FNDC1,SLC13A5,TMEM108,SMAD9,0.7894736842105263,0.9473684210526315,0.631578947368421,0.72,0.8181818181818182,0.9501385041551246,0.610170215847752,0.8910891089108911
SVM,FNDC1,SLC22A16,RSPO3,SMAD9,0.8157894736842105,0.8947368421052632,0.7368421052631579,0.7727272727272727,0.8292682926829268,0.9030470914127424,0.6396021490668313,0.8673469387755102
SVM,FNDC1,SLC22A16,TIAM1,SMAD9,0.8157894736842105,0.8947368421052632,0.7368421052631579,0.7727272727272727,0.8292682926829268,0.8808864265927977,0.6396021490668313,0.8673469387755102
SVM,FNDC1,SLC22A16,TMEM108,SMAD9,0.8157894736842105,0.9473684210526315,0.6842105263157895,0.75,0.8372093023255814,0.9445983379501385,0.6546536707079772,0.9
