estimator_name,gene_0,gene_1,gene_2,gene_3,accuracy,recall,specificity,precision,f1_score,AUC,MCC,fbeta2_score
Voting,FNDC1,KCNA1,RSPO3,SMAD9,0.7368421052631579,0.8421052631578947,0.631578947368421,0.6956521739130435,0.7619047619047619,0.89196675900277,0.4845437118523489,0.8080808080808081
Voting,FNDC1,KCNA1,TIAM1,SMAD9,0.7631578947368421,0.8947368421052632,0.631578947368421,0.7083333333333334,0.7906976744186046,0.9002770083102491,0.545544725589981,0.85
Voting,FNDC1,KCNA1,TMEM108,SMAD9,0.7631578947368421,0.8947368421052632,0.631578947368421,0.7083333333333334,0.7906976744186046,0.9002770083102493,0.545544725589981,0.85
Voting,FNDC1,SLC13A5,RSPO3,SMAD9,0.7631578947368421,0.8947368421052632,0.631578947368421,0.7083333333333334,0.7906976744186046,0.8781163434903048,0.545544725589981,0.85
Voting,FNDC1,SLC13A5,TIAM1,SMAD9,0.7631578947368421,0.8947368421052632,0.631578947368421,0.7083333333333334,0.7906976744186046,0.8947368421052632,0.545544725589981,0.85
Voting,FNDC1,SLC13A5,TMEM108,SMAD9,0.7894736842105263,0.9473684210526315,0.631578947368421,0.72,0.8181818181818182,0.9141274238227146,0.610170215847752,0.8910891089108911
Voting,FNDC1,SLC22A16,RSPO3,SMAD9,0.8157894736842105,0.8947368421052632,0.7368421052631579,0.7727272727272727,0.8292682926829268,0.8642659279778393,0.6396021490668313,0.8673469387755102
Voting,FNDC1,SLC22A16,TIAM1,SMAD9,0.7894736842105263,0.8947368421052632,0.6842105263157895,0.7391304347826086,0.8095238095238095,0.853185595567867,0.592220092263982,0.8585858585858586
Voting,FNDC1,SLC22A16,TMEM108,SMAD9,0.8157894736842105,0.9473684210526315,0.6842105263157895,0.75,0.8372093023255814,0.889196675900277,0.6546536707079772,0.9
