estimator_name,gene_0,gene_1,gene_2,gene_3,accuracy,recall,specificity,precision,f1_score,AUC,MCC,fbeta2_score
XGBoost,FNDC1,KCNA1,RSPO3,SMAD9,0.7631578947368421,0.8421052631578947,0.6842105263157895,0.7272727272727273,0.7804878048780488,0.868421052631579,0.5330017908890261,0.8163265306122449
XGBoost,FNDC1,KCNA1,TIAM1,SMAD9,0.7631578947368421,0.8421052631578947,0.6842105263157895,0.7272727272727273,0.7804878048780488,0.8891966759002771,0.5330017908890261,0.8163265306122449
XGBoost,FNDC1,KCNA1,TMEM108,SMAD9,0.7631578947368421,0.8947368421052632,0.631578947368421,0.7083333333333334,0.7906976744186046,0.8781163434903048,0.545544725589981,0.85
XGBoost,FNDC1,SLC13A5,RSPO3,SMAD9,0.7894736842105263,0.8947368421052632,0.6842105263157895,0.7391304347826086,0.8095238095238095,0.837950138504155,0.592220092263982,0.8585858585858586
XGBoost,FNDC1,SLC13A5,TIAM1,SMAD9,0.7368421052631579,0.8947368421052632,0.5789473684210527,0.68,0.7727272727272727,0.8587257617728532,0.4992301766027062,0.8415841584158416
XGBoost,FNDC1,SLC13A5,TMEM108,SMAD9,0.7894736842105263,0.8947368421052632,0.6842105263157895,0.7391304347826086,0.8095238095238095,0.886426592797784,0.592220092263982,0.8585858585858586
XGBoost,FNDC1,SLC22A16,RSPO3,SMAD9,0.8157894736842105,0.8947368421052632,0.7368421052631579,0.7727272727272727,0.8292682926829268,0.8698060941828254,0.6396021490668313,0.8673469387755102
XGBoost,FNDC1,SLC22A16,TIAM1,SMAD9,0.7894736842105263,0.9473684210526315,0.631578947368421,0.72,0.8181818181818182,0.8670360110803325,0.610170215847752,0.8910891089108911
XGBoost,FNDC1,SLC22A16,TMEM108,SMAD9,0.7894736842105263,0.9473684210526315,0.631578947368421,0.72,0.8181818181818182,0.8587257617728531,0.610170215847752,0.8910891089108911
