estimator_name,gene_0,gene_1,gene_2,gene_3,accuracy,recall,specificity,precision,f1_score,AUC,MCC,fbeta2_score
XGBoost,FNDC1,KCNA1,RSPO3,SMAD9,0.7631578947368423,0.8421052631578947,0.6842105263157895,0.7272727272727274,0.7804878048780487,0.868421052631579,0.533001790889026,0.8163265306122449
XGBoost,FNDC1,KCNA1,TIAM1,SMAD9,0.7631578947368423,0.8421052631578947,0.6842105263157895,0.7272727272727274,0.7804878048780487,0.889196675900277,0.533001790889026,0.8163265306122449
XGBoost,FNDC1,KCNA1,TMEM108,SMAD9,0.7631578947368423,0.8947368421052632,0.6315789473684211,0.7083333333333333,0.7906976744186045,0.8781163434903048,0.5455447255899809,0.8499999999999999
XGBoost,FNDC1,SLC13A5,RSPO3,SMAD9,0.7894736842105264,0.8947368421052632,0.6842105263157895,0.7391304347826085,0.8095238095238095,0.837950138504155,0.5922200922639821,0.8585858585858583
XGBoost,FNDC1,SLC13A5,TIAM1,SMAD9,0.7368421052631577,0.8947368421052632,0.5789473684210528,0.6799999999999999,0.7727272727272726,0.8587257617728532,0.4992301766027062,0.8415841584158417
XGBoost,FNDC1,SLC13A5,TMEM108,SMAD9,0.7894736842105264,0.8947368421052632,0.6842105263157895,0.7391304347826085,0.8095238095238095,0.8864265927977841,0.5922200922639821,0.8585858585858583
XGBoost,FNDC1,SLC22A16,RSPO3,SMAD9,0.8157894736842104,0.8947368421052632,0.7368421052631577,0.7727272727272726,0.8292682926829269,0.8698060941828254,0.6396021490668314,0.8673469387755102
XGBoost,FNDC1,SLC22A16,TIAM1,SMAD9,0.7894736842105264,0.9473684210526316,0.6315789473684211,0.7199999999999999,0.8181818181818181,0.8670360110803326,0.6101702158477521,0.8910891089108912
XGBoost,FNDC1,SLC22A16,TMEM108,SMAD9,0.7894736842105264,0.9473684210526316,0.6315789473684211,0.7199999999999999,0.8181818181818181,0.8587257617728532,0.6101702158477521,0.8910891089108912
