Unnamed: 0_tissue,dbeta_tissue,gene,Unnamed: 0_liquid,dbeta_liquid,dbeta_tissue_normalized,dbeta_liquid_normalized
cg06203976,-0.380759255,CADM3,cg04094169,0.0363431877748645,0.0748873515889899,0.6938253075373874
cg22719314,-0.366671189,FLG,cg10500702,0.0156567489055699,0.08949917902564719,0.6203427174028537
cg21253043,-0.354227832,GALNT6,cg17204394,0.0183710060237611,0.10240515101759567,0.6299843306643723
cg06974428,-0.43151157,PIP4K2A,cg00369151,0.0495195521850916,0.022248183885568207,0.740630530588956
cg03082523,-0.382252891,PRDM16,cg22388607,0.1225359042721612,0.07333818568607758,0.9999999999999999
cg15242225,-0.382269859,RUNX1,cg02869559,0.0743145460735259,0.0733205868554116,0.828707573950756
cg06389019,-0.372967109,SLC9A3R1,cg10829342,0.0233001235362378,0.08296919140385445,0.6474935947858015
