estimator_name,gene_0,gene_1,gene_2,gene_3,accuracy,recall,specificity,precision,f1_score,AUC,MCC,fbeta2_score
DecisionTree,FNDC1,KCNA1,RSPO3,SMAD9,0.7105263157894736,0.7894736842105264,0.6315789473684211,0.6818181818181818,0.7317073170731706,0.7105263157894736,0.4264014327112209,0.7653061224489796
DecisionTree,FNDC1,KCNA1,TIAM1,SMAD9,0.7631578947368423,0.8421052631578947,0.6842105263157895,0.7272727272727274,0.7804878048780487,0.7631578947368421,0.533001790889026,0.8163265306122449
DecisionTree,FNDC1,KCNA1,TMEM108,SMAD9,0.7631578947368423,0.8947368421052632,0.6315789473684211,0.7083333333333333,0.7906976744186045,0.7631578947368421,0.5455447255899809,0.8499999999999999
DecisionTree,FNDC1,SLC13A5,RSPO3,SMAD9,0.7105263157894736,0.7894736842105264,0.6315789473684211,0.6818181818181818,0.7317073170731706,0.7105263157894736,0.4264014327112209,0.7653061224489796
DecisionTree,FNDC1,SLC13A5,TIAM1,SMAD9,0.7894736842105264,0.8421052631578947,0.7368421052631577,0.7619047619047619,0.7999999999999999,0.7894736842105264,0.5821817364274595,0.8247422680412371
DecisionTree,FNDC1,SLC13A5,TMEM108,SMAD9,0.8421052631578947,0.9473684210526316,0.7368421052631577,0.782608695652174,0.857142857142857,0.8421052631578949,0.6998964726756151,0.909090909090909
DecisionTree,FNDC1,SLC22A16,RSPO3,SMAD9,0.7894736842105264,0.8421052631578947,0.7368421052631577,0.7619047619047619,0.7999999999999999,0.7894736842105264,0.5821817364274595,0.8247422680412371
DecisionTree,FNDC1,SLC22A16,TIAM1,SMAD9,0.7368421052631577,0.8421052631578947,0.6315789473684211,0.6956521739130433,0.7619047619047619,0.7783933518005542,0.4845437118523489,0.8080808080808082
DecisionTree,FNDC1,SLC22A16,TMEM108,SMAD9,0.7894736842105264,0.8947368421052632,0.6842105263157895,0.7391304347826085,0.8095238095238095,0.7894736842105264,0.5922200922639821,0.8585858585858583
