estimator_name,gene_0,gene_1,gene_2,gene_3,fpr,tpr,threshold
DecisionTree,FNDC1,KCNA1,RSPO3,SMAD9,"[0.0, 0.3684210526315789, 1.0]","[0.0, 0.7894736842105263, 1.0]",[inf  1.  0.]
DecisionTree,FNDC1,KCNA1,TIAM1,SMAD9,"[0.0, 0.3157894736842105, 1.0]","[0.0, 0.8421052631578947, 1.0]",[inf  1.  0.]
DecisionTree,FNDC1,KCNA1,TMEM108,SMAD9,"[0.0, 0.3684210526315789, 1.0]","[0.0, 0.8947368421052632, 1.0]",[inf  1.  0.]
DecisionTree,FNDC1,SLC13A5,RSPO3,SMAD9,"[0.0, 0.3684210526315789, 1.0]","[0.0, 0.7894736842105263, 1.0]",[inf  1.  0.]
DecisionTree,FNDC1,SLC13A5,TIAM1,SMAD9,"[0.0, 0.2631578947368421, 1.0]","[0.0, 0.8421052631578947, 1.0]",[inf  1.  0.]
DecisionTree,FNDC1,SLC13A5,TMEM108,SMAD9,"[0.0, 0.2631578947368421, 1.0]","[0.0, 0.9473684210526315, 1.0]",[inf  1.  0.]
DecisionTree,FNDC1,SLC22A16,RSPO3,SMAD9,"[0.0, 0.2631578947368421, 1.0]","[0.0, 0.8421052631578947, 1.0]",[inf  1.  0.]
DecisionTree,FNDC1,SLC22A16,TIAM1,SMAD9,"[0.0, 0.3684210526315789, 0.47368421052631576, 1.0]","[0.0, 0.8421052631578947, 1.0, 1.0]",[inf 1.  0.5 0. ]
DecisionTree,FNDC1,SLC22A16,TMEM108,SMAD9,"[0.0, 0.3157894736842105, 1.0]","[0.0, 0.8947368421052632, 1.0]",[inf  1.  0.]
