estimator_name,gene_0,gene_1,gene_2,gene_3,accuracy,recall,specificity,precision,f1_score,AUC,MCC,fbeta2_score
SVM,FNDC1,KCNA1,RSPO3,SMAD9,0.7894736842105264,0.8421052631578947,0.7368421052631577,0.7619047619047619,0.7999999999999999,0.9058171745152352,0.5821817364274595,0.8247422680412371
SVM,FNDC1,KCNA1,TIAM1,SMAD9,0.8157894736842104,0.9473684210526316,0.6842105263157895,0.75,0.8372093023255813,0.8947368421052632,0.6546536707079771,0.9000000000000001
SVM,FNDC1,KCNA1,TMEM108,SMAD9,0.8421052631578947,1.0,0.6842105263157895,0.7599999999999999,0.8636363636363635,0.9390581717451523,0.7211102550927978,0.9405940594059405
SVM,FNDC1,SLC13A5,RSPO3,SMAD9,0.7894736842105264,0.8947368421052632,0.6842105263157895,0.7391304347826085,0.8095238095238095,0.8864265927977841,0.5922200922639821,0.8585858585858583
SVM,FNDC1,SLC13A5,TIAM1,SMAD9,0.7631578947368423,0.8947368421052632,0.6315789473684211,0.7083333333333333,0.7906976744186045,0.8864265927977841,0.5455447255899809,0.8499999999999999
SVM,FNDC1,SLC13A5,TMEM108,SMAD9,0.7894736842105264,0.9473684210526316,0.6315789473684211,0.7199999999999999,0.8181818181818181,0.9501385041551245,0.6101702158477521,0.8910891089108912
SVM,FNDC1,SLC22A16,RSPO3,SMAD9,0.8157894736842104,0.8947368421052632,0.7368421052631577,0.7727272727272726,0.8292682926829269,0.9030470914127424,0.6396021490668314,0.8673469387755102
SVM,FNDC1,SLC22A16,TIAM1,SMAD9,0.8157894736842104,0.8947368421052632,0.7368421052631577,0.7727272727272726,0.8292682926829269,0.8808864265927976,0.6396021490668314,0.8673469387755102
SVM,FNDC1,SLC22A16,TMEM108,SMAD9,0.8157894736842104,0.9473684210526316,0.6842105263157895,0.75,0.8372093023255813,0.9445983379501384,0.6546536707079771,0.9000000000000001
