estimator_name,gene_0,gene_1,gene_2,gene_3,fpr,tpr,threshold
DecisionTree,CDX2,ITIH5,OR4K2,RARRES1,"[0.0, 0.5, 0.5, 0.7, 0.8, 1.0]","[0.0, 0.9108910891089109, 0.9702970297029703, 0.9900990099009901, 1.0, 1.0]",[       inf 1.         0.66666667 0.6        0.33333333 0.        ]
DecisionTree,GCM2,ITIH5,OR4K2,RARRES1,"[0.0, 0.7, 0.7, 1.0]","[0.0, 0.9405940594059405, 0.9603960396039604, 1.0]",[inf 1.  0.5 0. ]
DecisionTree,HAAO,ITIH5,OR4K2,RARRES1,"[0.0, 0.6, 0.6, 1.0]","[0.0, 0.9603960396039604, 1.0, 1.0]",[       inf 1.         0.66666667 0.        ]
DecisionTree,RNF152,ITIH5,OR4K2,RARRES1,"[0.0, 0.4, 0.7, 0.8, 0.8, 1.0]","[0.0, 0.9405940594059405, 0.9702970297029703, 0.9702970297029703, 0.9900990099009901, 1.0]",[       inf 1.         0.66666667 0.5        0.4        0.        ]
