estimator_name,gene_0,gene_1,gene_2,gene_3,accuracy,recall,specificity,precision,f1_score,AUC,MCC,fbeta2_score
DecisionTree,CDX2,ITIH5,OR4K2,RARRES1,0.9279279279279279,0.9900990099009901,0.3,0.9345794392523364,0.9615384615384616,0.7232673267326732,0.4456409064770399,0.9784735812133072
DecisionTree,GCM2,ITIH5,OR4K2,RARRES1,0.8828828828828829,0.9405940594059405,0.3,0.9313725490196079,0.9359605911330049,0.6232673267326733,0.25236216591225685,0.9387351778656127
DecisionTree,HAAO,ITIH5,OR4K2,RARRES1,0.9459459459459459,1.0,0.4,0.9439252336448598,0.9711538461538461,0.6881188118811881,0.6144673249717547,0.9882583170254403
DecisionTree,RNF152,ITIH5,OR4K2,RARRES1,0.9099099099099099,0.9702970297029703,0.3,0.9333333333333333,0.9514563106796117,0.7707920792079208,0.3422407235722937,0.962671905697446
DecisionTree,CDX2,ITIH5,OR4K2,RARRES1,0.8855721393034826,0.9,0.8712871287128713,0.8737864077669902,0.8866995073891626,0.8856435643564357,0.7715163260222876,0.8946322067594433
DecisionTree,GCM2,ITIH5,OR4K2,RARRES1,0.8756218905472637,0.88,0.8712871287128713,0.8712871287128713,0.8756218905472637,0.8905445544554456,0.7512871287128713,0.8782435129740519
DecisionTree,HAAO,ITIH5,OR4K2,RARRES1,0.9253731343283582,0.92,0.9306930693069307,0.9292929292929293,0.9246231155778895,0.9253465346534653,0.8507773088545261,0.9218436873747495
DecisionTree,RNF152,ITIH5,OR4K2,RARRES1,0.8905472636815921,0.87,0.9108910891089109,0.90625,0.8877551020408163,0.9064851485148515,0.7816653987578546,0.8770161290322581
