estimator_name,gene_0,gene_1,gene_2,gene_3,accuracy,recall,specificity,precision,f1_score,AUC,MCC,fbeta2_score
DecisionTree,CDX2,ITIH5,OR4K2,RARRES1,0.6450000000000001,0.99,0.29999999999999993,0.5856617647058823,0.7358974358974357,0.718,0.4030756226875627,0.8698308270676691
DecisionTree,GCM2,ITIH5,OR4K2,RARRES1,0.6249999999999999,0.9500000000000002,0.29999999999999993,0.5753676470588236,0.7165242165242165,0.6280000000000001,0.3350420126042015,0.8403822055137844
DecisionTree,HAAO,ITIH5,OR4K2,RARRES1,0.7000000000000001,1.0,0.39999999999999997,0.625,0.7692307692307693,0.6849999999999999,0.5,0.8928571428571429
DecisionTree,RNF152,ITIH5,OR4K2,RARRES1,0.635,0.9700000000000001,0.29999999999999993,0.5805147058823529,0.7262108262108261,0.7774999999999999,0.3690588176458821,0.8551065162907268
DecisionTree,CDX2,ITIH5,OR4K2,RARRES1,0.8859999999999999,0.9000000000000001,0.8719999999999999,0.8754997144488861,0.8875774276935082,0.8859999999999999,0.7723085966135642,0.894988633933451
DecisionTree,GCM2,ITIH5,OR4K2,RARRES1,0.8765000000000001,0.8800000000000001,0.873,0.87390099009901,0.8769353233830846,0.8914500000000001,0.753026251968914,0.8787704590818363
DecisionTree,HAAO,ITIH5,OR4K2,RARRES1,0.925,0.9200000000000002,0.9299999999999999,0.9292929292929293,0.9246231155778892,0.925,0.8500425031877656,0.9218436873747498
DecisionTree,RNF152,ITIH5,OR4K2,RARRES1,0.8905000000000001,0.8699999999999999,0.9109999999999999,0.907203947368421,0.8882103610675038,0.9065200000000002,0.7816612103626576,0.8771933040078203
