estimator_name,gene_0,gene_1,gene_2,gene_3,accuracy,recall,specificity,precision,f1_score,AUC,MCC,fbeta2_score
RandomForest,CDX2,ITIH5,OR4K2,RARRES1,0.9279279279279279,0.9702970297029703,0.5,0.9514563106796117,0.9607843137254902,0.7995049504950495,0.5206781065746418,0.9664694280078896
RandomForest,GCM2,ITIH5,OR4K2,RARRES1,0.918918918918919,0.9702970297029703,0.4,0.9423076923076923,0.9560975609756097,0.8613861386138614,0.43615938888466016,0.9645669291338582
RandomForest,HAAO,ITIH5,OR4K2,RARRES1,0.9279279279279279,0.9702970297029703,0.5,0.9514563106796117,0.9607843137254902,0.8549504950495049,0.5206781065746418,0.9664694280078896
RandomForest,RNF152,ITIH5,OR4K2,RARRES1,0.918918918918919,0.9702970297029703,0.4,0.9423076923076923,0.9560975609756097,0.8544554455445544,0.43615938888466016,0.9645669291338582
