estimator_name,gene_0,gene_1,gene_2,gene_3,fpr,tpr,threshold
RandomForest,CDX2,ITIH5,OR4K2,RARRES1,"[0.0, 0.3, 0.3, 0.3, 0.3, 0.3, 0.3, 0.3, 0.7, 0.7, 1.0, 1.0]","[0.0, 0.7623762376237624, 0.8217821782178217, 0.8415841584158416, 0.8811881188118812, 0.9207920792079208, 0.9405940594059405, 0.9702970297029703, 0.9702970297029703, 0.9900990099009901, 0.9900990099009901, 1.0]","[       inf 1.         0.9625     0.95833333 0.95       0.9
 0.89583333 0.84166667 0.39       0.345      0.2        0.175     ]"
RandomForest,GCM2,ITIH5,OR4K2,RARRES1,"[0.0, 0.2, 0.2, 0.2, 0.2, 0.2, 0.2, 0.4, 0.4, 0.7, 0.7, 0.8, 0.8, 1.0]","[0.0, 0.8118811881188119, 0.8712871287128713, 0.8910891089108911, 0.9207920792079208, 0.9405940594059405, 0.9504950495049505, 0.9504950495049505, 0.9702970297029703, 0.9702970297029703, 0.9900990099009901, 0.9900990099009901, 1.0, 1.0]","[       inf 1.         0.975      0.955      0.95       0.94
 0.92       0.9        0.77       0.49619048 0.2675     0.21448413
 0.17162698 0.10833333]"
RandomForest,HAAO,ITIH5,OR4K2,RARRES1,"[0.0, 0.2, 0.2, 0.2, 0.3, 0.3, 0.4, 0.4, 0.8, 0.8, 0.9, 0.9, 1.0]","[0.0, 0.8316831683168316, 0.8514851485148515, 0.900990099009901, 0.9108910891089109, 0.9405940594059405, 0.9405940594059405, 0.9702970297029703, 0.9702970297029703, 0.9900990099009901, 0.9900990099009901, 1.0, 1.0]","[       inf 1.         0.98333333 0.975      0.96666667 0.92666667
 0.9125     0.85       0.33916667 0.28916667 0.265      0.22083333
 0.125     ]"
RandomForest,RNF152,ITIH5,OR4K2,RARRES1,"[0.0, 0.2, 0.2, 0.2, 0.2, 0.2, 0.2, 0.3, 0.3, 0.4, 0.4, 0.5, 0.5, 0.7, 0.7, 0.8, 0.8, 1.0]","[0.0, 0.7722772277227723, 0.7920792079207921, 0.8316831683168316, 0.8514851485148515, 0.8712871287128713, 0.9405940594059405, 0.9405940594059405, 0.9504950495049505, 0.9504950495049505, 0.9603960396039604, 0.9603960396039604, 0.9702970297029703, 0.9702970297029703, 0.9801980198019802, 0.9801980198019802, 1.0, 1.0]","[       inf 1.         0.99428571 0.99333333 0.98666667 0.98533333
 0.965      0.95009524 0.83464286 0.78659524 0.7641746  0.75988095
 0.7001746  0.47838889 0.38930952 0.35588095 0.29045238 0.07983333]"
