estimator_name,gene_0,gene_1,gene_2,gene_3,accuracy,recall,specificity,precision,f1_score,AUC,MCC,fbeta2_score
RandomForest,CDX2,ITIH5,OR4K2,RARRES1,0.7350000000000001,0.9700000000000001,0.5,0.6595238095238096,0.7849999999999999,0.7990000000000002,0.5350759225743336,0.8863636363636364
RandomForest,GCM2,ITIH5,OR4K2,RARRES1,0.6850000000000002,0.9700000000000001,0.39999999999999997,0.6174999999999999,0.7544615384615384,0.869,0.4539230484541326,0.8704545454545455
RandomForest,HAAO,ITIH5,OR4K2,RARRES1,0.7350000000000001,0.9700000000000001,0.5,0.6595238095238096,0.7849999999999999,0.8535,0.5350759225743336,0.8863636363636364
RandomForest,RNF152,ITIH5,OR4K2,RARRES1,0.6850000000000002,0.9700000000000001,0.39999999999999997,0.6174999999999999,0.7544615384615384,0.8640000000000001,0.4539230484541326,0.8704545454545455
RandomForest,CDX2,ITIH5,OR4K2,RARRES1,0.9205,0.9299999999999999,0.9109999999999999,0.9126674432149098,0.9212501847199646,0.9531449999999999,0.8411554956939019,0.9264797099029034
RandomForest,GCM2,ITIH5,OR4K2,RARRES1,0.9200000000000002,0.9000000000000001,0.9399999999999997,0.9375,0.9183673469387756,0.9519499999999999,0.8406728074767074,0.9072580645161288
RandomForest,HAAO,ITIH5,OR4K2,RARRES1,0.9299999999999999,0.9399999999999997,0.9200000000000002,0.9215686274509804,0.9306930693069309,0.9624649999999999,0.8601720516172062,0.9362549800796811
RandomForest,RNF152,ITIH5,OR4K2,RARRES1,0.925,0.9299999999999999,0.9200000000000002,0.9207920792079209,0.9253731343283584,0.964825,0.8500425031877656,0.9281437125748504
