estimator_name,gene_0,gene_1,gene_2,gene_3,accuracy,recall,specificity,precision,f1_score,AUC,MCC,fbeta2_score
RandomForest,CDX2,ITIH5,OR4K2,RARRES1,0.9279279279279279,0.9702970297029703,0.5,0.9514563106796117,0.9607843137254902,0.7995049504950495,0.5206781065746418,0.9664694280078896
RandomForest,GCM2,ITIH5,OR4K2,RARRES1,0.918918918918919,0.9702970297029703,0.4,0.9423076923076923,0.9560975609756097,0.8613861386138614,0.43615938888466016,0.9645669291338582
RandomForest,HAAO,ITIH5,OR4K2,RARRES1,0.9279279279279279,0.9702970297029703,0.5,0.9514563106796117,0.9607843137254902,0.8549504950495049,0.5206781065746418,0.9664694280078896
RandomForest,RNF152,ITIH5,OR4K2,RARRES1,0.918918918918919,0.9702970297029703,0.4,0.9423076923076923,0.9560975609756097,0.8544554455445544,0.43615938888466016,0.9645669291338582
RandomForest,CDX2,ITIH5,OR4K2,RARRES1,0.9203980099502488,0.93,0.9108910891089109,0.9117647058823529,0.9207920792079208,0.9532673267326733,0.8409743580192609,0.9262948207171314
RandomForest,GCM2,ITIH5,OR4K2,RARRES1,0.9203980099502488,0.9,0.9405940594059405,0.9375,0.9183673469387755,0.952079207920792,0.8414275688416617,0.907258064516129
RandomForest,HAAO,ITIH5,OR4K2,RARRES1,0.9303482587064676,0.94,0.9207920792079208,0.9215686274509803,0.9306930693069307,0.9625247524752475,0.8608773188060114,0.9362549800796812
RandomForest,RNF152,ITIH5,OR4K2,RARRES1,0.9253731343283582,0.93,0.9207920792079208,0.9207920792079208,0.9253731343283582,0.9648514851485148,0.8507920792079208,0.9281437125748503
