estimator_name,gene_0,gene_1,gene_2,gene_3,accuracy,recall,specificity,precision,f1_score,AUC,MCC,fbeta2_score
SVM,CDX2,ITIH5,OR4K2,RARRES1,0.7350000000000001,0.9700000000000001,0.5,0.6595238095238096,0.7849999999999999,0.8560000000000002,0.5350759225743336,0.8863636363636364
SVM,GCM2,ITIH5,OR4K2,RARRES1,0.7350000000000001,0.9700000000000001,0.5,0.6595238095238096,0.7849999999999999,0.8590000000000002,0.5350759225743336,0.8863636363636364
SVM,HAAO,ITIH5,OR4K2,RARRES1,0.7350000000000001,0.9700000000000001,0.5,0.6595238095238096,0.7849999999999999,0.7620000000000001,0.5350759225743336,0.8863636363636364
SVM,RNF152,ITIH5,OR4K2,RARRES1,0.6850000000000002,0.9700000000000001,0.39999999999999997,0.6174999999999999,0.7544615384615384,0.736,0.4539230484541326,0.8704545454545455
