estimator_name,gene_0,gene_1,gene_2,gene_3,fpr,tpr,threshold
SVM,CDX2,ITIH5,OR4K2,RARRES1,"[0.0, 0.0, 0.0, 0.1, 0.1, 0.2, 0.2, 0.3, 0.3, 0.7, 0.7, 0.9, 0.9, 1.0]","[0.0, 0.009900990099009901, 0.18811881188118812, 0.18811881188118812, 0.4752475247524752, 0.4752475247524752, 0.9603960396039604, 0.9603960396039604, 0.9702970297029703, 0.9702970297029703, 0.9801980198019802, 0.9801980198019802, 1.0, 1.0]","[       inf 0.99999994 0.99999462 0.99999364 0.99528786 0.99507534
 0.9089655  0.84513094 0.74784116 0.55868457 0.44804918 0.27967081
 0.12061916 0.11745008]"
SVM,GCM2,ITIH5,OR4K2,RARRES1,"[0.0, 0.0, 0.0, 0.1, 0.1, 0.2, 0.2, 0.3, 0.3, 0.7, 0.7, 0.9, 0.9, 1.0, 1.0]","[0.0, 0.009900990099009901, 0.19801980198019803, 0.19801980198019803, 0.504950495049505, 0.504950495049505, 0.9603960396039604, 0.9603960396039604, 0.9702970297029703, 0.9702970297029703, 0.9801980198019802, 0.9801980198019802, 0.9900990099009901, 0.9900990099009901, 1.0]","[       inf 0.99999994 0.99999436 0.99999361 0.99563956 0.99544531
 0.92558026 0.86452688 0.76613546 0.57255605 0.39771307 0.27232001
 0.17871191 0.12024911 0.1103607 ]"
SVM,HAAO,ITIH5,OR4K2,RARRES1,"[0.0, 0.0, 0.0, 0.1, 0.1, 0.2, 0.2, 0.3, 0.3, 0.7, 0.7, 0.9, 0.9, 1.0]","[0.0, 0.009900990099009901, 0.0297029702970297, 0.0297029702970297, 0.25742574257425743, 0.25742574257425743, 0.48514851485148514, 0.48514851485148514, 0.9702970297029703, 0.9702970297029703, 0.9801980198019802, 0.9801980198019802, 1.0, 1.0]","[       inf 0.99372667 0.98984175 0.98964789 0.98178325 0.98174462
 0.98082559 0.9807057  0.97553125 0.64029727 0.30798061 0.21682618
 0.16265944 0.11481476]"
SVM,RNF152,ITIH5,OR4K2,RARRES1,"[0.0, 0.1, 0.1, 0.2, 0.2, 0.3, 0.3, 0.4, 0.4, 0.8, 0.8, 1.0]","[0.0, 0.0, 0.36633663366336633, 0.36633663366336633, 0.504950495049505, 0.504950495049505, 0.7920792079207921, 0.7920792079207921, 0.9702970297029703, 0.9702970297029703, 1.0, 1.0]","[       inf 0.99341218 0.9740103  0.97398604 0.97252731 0.97239764
 0.96978193 0.96960013 0.9112741  0.3696037  0.27885308 0.12334194]"
