estimator_name,gene_0,gene_1,gene_2,gene_3,accuracy,recall,specificity,precision,f1_score,AUC,MCC,fbeta2_score
SVM,CDX2,ITIH5,OR4K2,RARRES1,0.9279279279279279,0.9702970297029703,0.5,0.9514563106796117,0.9607843137254902,0.8465346534653465,0.5206781065746418,0.9664694280078896
SVM,GCM2,ITIH5,OR4K2,RARRES1,0.9279279279279279,0.9702970297029703,0.5,0.9514563106796117,0.9607843137254902,0.8495049504950495,0.5206781065746418,0.9664694280078896
SVM,HAAO,ITIH5,OR4K2,RARRES1,0.9279279279279279,0.9702970297029703,0.5,0.9514563106796117,0.9607843137254902,0.7613861386138614,0.5206781065746418,0.9664694280078896
SVM,RNF152,ITIH5,OR4K2,RARRES1,0.918918918918919,0.9702970297029703,0.4,0.9423076923076923,0.9560975609756097,0.7544554455445545,0.43615938888466016,0.9645669291338582
SVM,CDX2,ITIH5,OR4K2,RARRES1,0.9303482587064676,0.95,0.9108910891089109,0.9134615384615384,0.9313725490196079,0.9579207920792079,0.8614029657307574,0.9424603174603174
SVM,GCM2,ITIH5,OR4K2,RARRES1,0.9303482587064676,0.95,0.9108910891089109,0.9134615384615384,0.9313725490196079,0.9555445544554455,0.8614029657307574,0.9424603174603174
SVM,HAAO,ITIH5,OR4K2,RARRES1,0.9303482587064676,0.94,0.9207920792079208,0.9215686274509803,0.9306930693069307,0.9559405940594059,0.8608773188060114,0.9362549800796812
SVM,RNF152,ITIH5,OR4K2,RARRES1,0.9303482587064676,0.95,0.9108910891089109,0.9134615384615384,0.9313725490196079,0.9636633663366336,0.8614029657307574,0.9424603174603174
