estimator_name,gene_0,gene_1,gene_2,gene_3,fpr,tpr,threshold
Voting,CDX2,ITIH5,OR4K2,RARRES1,"[0.0, 0.0, 0.0, 0.1, 0.1, 0.2, 0.2, 0.3, 0.3, 0.4, 0.4, 0.5, 0.5, 0.8, 0.8, 1.0]","[0.0, 0.009900990099009901, 0.1485148514851485, 0.1485148514851485, 0.5346534653465347, 0.5346534653465347, 0.7821782178217822, 0.7821782178217822, 0.9504950495049505, 0.9504950495049505, 0.9801980198019802, 0.9801980198019802, 0.9900990099009901, 0.9900990099009901, 1.0, 1.0]","[       inf 0.99624468 0.99443051 0.99441789 0.99338328 0.99336941
 0.98944881 0.98817193 0.9547834  0.90101517 0.55046526 0.36410882
 0.35848578 0.29365542 0.17472111 0.0604079 ]"
Voting,GCM2,ITIH5,OR4K2,RARRES1,"[0.0, 0.0, 0.0, 0.1, 0.1, 0.2, 0.2, 0.3, 0.3, 0.6, 0.6, 0.7, 0.7, 0.8, 0.8, 1.0]","[0.0, 0.009900990099009901, 0.21782178217821782, 0.21782178217821782, 0.5247524752475248, 0.5247524752475248, 0.9207920792079208, 0.9207920792079208, 0.9603960396039604, 0.9603960396039604, 0.9801980198019802, 0.9801980198019802, 0.9900990099009901, 0.9900990099009901, 1.0, 1.0]","[       inf 0.99674136 0.99439713 0.99433935 0.99349583 0.99344643
 0.97950593 0.97882594 0.95823145 0.82138577 0.49348485 0.4929505
 0.26726897 0.1910793  0.1439808  0.05681257]"
Voting,HAAO,ITIH5,OR4K2,RARRES1,"[0.0, 0.0, 0.0, 0.1, 0.1, 0.2, 0.2, 0.3, 0.3, 0.5, 0.5, 0.6, 0.6, 1.0]","[0.0, 0.009900990099009901, 0.16831683168316833, 0.16831683168316833, 0.3465346534653465, 0.3465346534653465, 0.8217821782178217, 0.8217821782178217, 0.9702970297029703, 0.9702970297029703, 0.9801980198019802, 0.9801980198019802, 1.0, 1.0]","[       inf 0.99804495 0.99531941 0.9952778  0.99503708 0.99501807
 0.99249236 0.99222981 0.9175756  0.64311989 0.49620597 0.48027681
 0.43175017 0.07133686]"
Voting,RNF152,ITIH5,OR4K2,RARRES1,"[0.0, 0.0, 0.0, 0.1, 0.1, 0.2, 0.2, 0.3, 0.3, 0.4, 0.4, 0.7, 0.7, 1.0]","[0.0, 0.009900990099009901, 0.12871287128712872, 0.12871287128712872, 0.13861386138613863, 0.13861386138613863, 0.8910891089108911, 0.8910891089108911, 0.9504950495049505, 0.9504950495049505, 0.9702970297029703, 0.9702970297029703, 1.0, 1.0]","[       inf 0.99715453 0.9950633  0.99501553 0.99501392 0.99496613
 0.98876269 0.986635   0.94220476 0.93770474 0.86259122 0.60604403
 0.4454023  0.07486476]"
