estimator_name,gene_0,gene_1,gene_2,gene_3,accuracy,recall,specificity,precision,f1_score,AUC,MCC,fbeta2_score
Voting,CDX2,ITIH5,OR4K2,RARRES1,0.9459459459459459,0.9801980198019802,0.6,0.9611650485436893,0.9705882352941176,0.8366336633663367,0.6423523588478739,0.9763313609467456
Voting,GCM2,ITIH5,OR4K2,RARRES1,0.918918918918919,0.9702970297029703,0.4,0.9423076923076923,0.9560975609756097,0.8514851485148515,0.43615938888466016,0.9645669291338582
Voting,HAAO,ITIH5,OR4K2,RARRES1,0.9279279279279279,0.9702970297029703,0.5,0.9514563106796117,0.9607843137254902,0.8257425742574257,0.5206781065746418,0.9664694280078896
Voting,RNF152,ITIH5,OR4K2,RARRES1,0.9279279279279279,0.9900990099009901,0.3,0.9345794392523364,0.9615384615384616,0.801980198019802,0.4456409064770399,0.9784735812133072
Voting,CDX2,ITIH5,OR4K2,RARRES1,0.9203980099502488,0.93,0.9108910891089109,0.9117647058823529,0.9207920792079208,0.9708910891089109,0.8409743580192609,0.9262948207171314
Voting,GCM2,ITIH5,OR4K2,RARRES1,0.9154228855721394,0.89,0.9405940594059405,0.9368421052631579,0.9128205128205128,0.9686138613861387,0.8318303697792202,0.898989898989899
Voting,HAAO,ITIH5,OR4K2,RARRES1,0.9303482587064676,0.94,0.9207920792079208,0.9215686274509803,0.9306930693069307,0.9644554455445544,0.8608773188060114,0.9362549800796812
Voting,RNF152,ITIH5,OR4K2,RARRES1,0.9154228855721394,0.92,0.9108910891089109,0.9108910891089109,0.9154228855721394,0.9642574257425742,0.8308910891089109,0.9181636726546906
