estimator_name,gene_0,gene_1,gene_2,gene_3,accuracy,recall,specificity,precision,f1_score,AUC,MCC,fbeta2_score
Voting,CDX2,ITIH5,OR4K2,RARRES1,0.7899999999999999,0.9800000000000001,0.5999999999999999,0.7098901098901099,0.8231884057971014,0.8389999999999999,0.6285514202385736,0.9105520614954576
Voting,GCM2,ITIH5,OR4K2,RARRES1,0.6850000000000002,0.9700000000000001,0.39999999999999997,0.6174999999999999,0.7544615384615384,0.8540000000000001,0.4539230484541326,0.8704545454545455
Voting,HAAO,ITIH5,OR4K2,RARRES1,0.7350000000000001,0.9700000000000001,0.5,0.6595238095238096,0.7849999999999999,0.8290000000000001,0.5350759225743336,0.8863636363636364
Voting,RNF152,ITIH5,OR4K2,RARRES1,0.645,0.99,0.29999999999999993,0.5856617647058824,0.7358974358974357,0.806,0.4030756226875627,0.8698308270676691
Voting,CDX2,ITIH5,OR4K2,RARRES1,0.9205,0.9299999999999999,0.9109999999999999,0.9126674432149098,0.9212501847199646,0.9708599999999998,0.8411554956939019,0.9264797099029032
Voting,GCM2,ITIH5,OR4K2,RARRES1,0.9149999999999998,0.89,0.9399999999999997,0.9368421052631579,0.9128205128205129,0.96861,0.8310394493741196,0.898989898989899
Voting,HAAO,ITIH5,OR4K2,RARRES1,0.9305,0.9399999999999997,0.921,0.9224810716365756,0.9311561006846955,0.9643900000000001,0.8611591967817628,0.9364418573212141
Voting,RNF152,ITIH5,OR4K2,RARRES1,0.9149999999999998,0.9200000000000002,0.9099999999999999,0.910891089108911,0.9154228855721394,0.9642000000000002,0.8300415031127593,0.9181636726546907
