estimator_name,gene_0,gene_1,gene_2,gene_3,accuracy,recall,specificity,precision,f1_score,AUC,MCC,fbeta2_score
Voting,CDX2,ITIH5,OR4K2,RARRES1,0.7899999999999999,0.9800000000000001,0.5999999999999999,0.7098901098901099,0.8231884057971014,0.8389999999999999,0.6285514202385736,0.9105520614954576
Voting,GCM2,ITIH5,OR4K2,RARRES1,0.6850000000000002,0.9700000000000001,0.39999999999999997,0.6174999999999999,0.7544615384615384,0.8540000000000001,0.4539230484541326,0.8704545454545455
Voting,HAAO,ITIH5,OR4K2,RARRES1,0.7350000000000001,0.9700000000000001,0.5,0.6595238095238096,0.7849999999999999,0.8290000000000001,0.5350759225743336,0.8863636363636364
Voting,RNF152,ITIH5,OR4K2,RARRES1,0.645,0.99,0.29999999999999993,0.5856617647058824,0.7358974358974357,0.806,0.4030756226875627,0.8698308270676691
