estimator_name,gene_0,gene_1,gene_2,gene_3,accuracy,recall,specificity,precision,f1_score,AUC,MCC,fbeta2_score
Voting,CDX2,ITIH5,OR4K2,RARRES1,0.9459459459459459,0.9801980198019802,0.6,0.9611650485436893,0.9705882352941176,0.8366336633663367,0.6423523588478739,0.9763313609467456
Voting,GCM2,ITIH5,OR4K2,RARRES1,0.918918918918919,0.9702970297029703,0.4,0.9423076923076923,0.9560975609756097,0.8514851485148515,0.43615938888466016,0.9645669291338582
Voting,HAAO,ITIH5,OR4K2,RARRES1,0.9279279279279279,0.9702970297029703,0.5,0.9514563106796117,0.9607843137254902,0.8257425742574257,0.5206781065746418,0.9664694280078896
Voting,RNF152,ITIH5,OR4K2,RARRES1,0.9279279279279279,0.9900990099009901,0.3,0.9345794392523364,0.9615384615384616,0.801980198019802,0.4456409064770399,0.9784735812133072
