estimator_name,gene_0,gene_1,gene_2,gene_3,accuracy,recall,specificity,precision,f1_score,AUC,MCC,fbeta2_score
XGBoost,CDX2,ITIH5,OR4K2,RARRES1,0.9279279279279279,0.9702970297029703,0.5,0.9514563106796117,0.9607843137254902,0.8415841584158416,0.5206781065746418,0.9664694280078896
XGBoost,GCM2,ITIH5,OR4K2,RARRES1,0.9099099099099099,0.9702970297029703,0.3,0.9333333333333333,0.9514563106796117,0.85,0.3422407235722937,0.962671905697446
XGBoost,HAAO,ITIH5,OR4K2,RARRES1,0.9279279279279279,0.9702970297029703,0.5,0.9514563106796117,0.9607843137254902,0.8321782178217821,0.5206781065746418,0.9664694280078896
XGBoost,RNF152,ITIH5,OR4K2,RARRES1,0.9099099099099099,0.9702970297029703,0.3,0.9333333333333333,0.9514563106796117,0.8544554455445544,0.3422407235722937,0.962671905697446
