estimator_name,gene_0,gene_1,gene_2,gene_3,accuracy,recall,specificity,precision,f1_score,AUC,MCC,fbeta2_score
XGBoost,CDX2,ITIH5,OR4K2,RARRES1,0.9279279279279279,0.9702970297029703,0.5,0.9514563106796117,0.9607843137254902,0.8415841584158416,0.5206781065746418,0.9664694280078896
XGBoost,GCM2,ITIH5,OR4K2,RARRES1,0.9099099099099099,0.9702970297029703,0.3,0.9333333333333333,0.9514563106796117,0.85,0.3422407235722937,0.962671905697446
XGBoost,HAAO,ITIH5,OR4K2,RARRES1,0.9279279279279279,0.9702970297029703,0.5,0.9514563106796117,0.9607843137254902,0.8321782178217821,0.5206781065746418,0.9664694280078896
XGBoost,RNF152,ITIH5,OR4K2,RARRES1,0.9099099099099099,0.9702970297029703,0.3,0.9333333333333333,0.9514563106796117,0.8544554455445544,0.3422407235722937,0.962671905697446
XGBoost,CDX2,ITIH5,OR4K2,RARRES1,0.9203980099502488,0.91,0.9306930693069307,0.9285714285714286,0.9191919191919192,0.9627227722772278,0.8409428914319954,0.9136546184738956
XGBoost,GCM2,ITIH5,OR4K2,RARRES1,0.9253731343283582,0.92,0.9306930693069307,0.9292929292929293,0.9246231155778895,0.9568811881188118,0.8507773088545261,0.9218436873747495
XGBoost,HAAO,ITIH5,OR4K2,RARRES1,0.9203980099502488,0.91,0.9306930693069307,0.9285714285714286,0.9191919191919192,0.9487623762376238,0.8409428914319954,0.9136546184738956
XGBoost,RNF152,ITIH5,OR4K2,RARRES1,0.9203980099502488,0.91,0.9306930693069307,0.9285714285714286,0.9191919191919192,0.9644059405940594,0.8409428914319954,0.9136546184738956
