estimator_name,gene_0,gene_1,gene_2,gene_3,fpr,tpr,threshold
XGBoost,CDX2,ITIH5,OR4K2,RARRES1,"[0.0, 0.2, 0.2, 0.2, 0.2, 0.2, 0.2, 0.2, 0.2, 0.3, 0.3, 0.3, 0.6, 0.6, 0.7, 0.7, 0.9, 0.9, 1.0]","[0.0, 0.6039603960396039, 0.6138613861386139, 0.7524752475247525, 0.7623762376237624, 0.8415841584158416, 0.8613861386138614, 0.9108910891089109, 0.9405940594059405, 0.9405940594059405, 0.9603960396039604, 0.9702970297029703, 0.9702970297029703, 0.9801980198019802, 0.9801980198019802, 0.9900990099009901, 0.9900990099009901, 1.0, 1.0]","[       inf 0.99433774 0.9942703  0.9903555  0.99026287 0.9898872
 0.98845696 0.9788133  0.9783466  0.9779219  0.9741459  0.83257633
 0.3726145  0.35601202 0.27363193 0.239773   0.15724221 0.13728435
 0.09361531]"
XGBoost,GCM2,ITIH5,OR4K2,RARRES1,"[0.0, 0.2, 0.2, 0.2, 0.2, 0.2, 0.2, 0.2, 0.2, 0.2, 0.3, 0.3, 0.7, 0.7, 0.8, 1.0]","[0.0, 0.6831683168316832, 0.8217821782178217, 0.8316831683168316, 0.8514851485148515, 0.8613861386138614, 0.8910891089108911, 0.9207920792079208, 0.9405940594059405, 0.9504950495049505, 0.9603960396039604, 0.9702970297029703, 0.9702970297029703, 0.9900990099009901, 0.9900990099009901, 1.0]","[       inf 0.97247094 0.9711909  0.9707807  0.96942455 0.9683469
 0.96688175 0.960429   0.9553157  0.9545854  0.9395074  0.83196753
 0.532197   0.38389522 0.30961952 0.24814032]"
XGBoost,HAAO,ITIH5,OR4K2,RARRES1,"[0.0, 0.2, 0.2, 0.2, 0.2, 0.2, 0.2, 0.2, 0.3, 0.3, 0.3, 0.7, 0.7, 1.0, 1.0]","[0.0, 0.6237623762376238, 0.6336633663366337, 0.7722772277227723, 0.8118811881188119, 0.8415841584158416, 0.8514851485148515, 0.8712871287128713, 0.8811881188118812, 0.9306930693069307, 0.9702970297029703, 0.9702970297029703, 0.9801980198019802, 0.9801980198019802, 1.0]","[       inf 0.9932627  0.9929999  0.99253255 0.986509   0.9856146
 0.98406535 0.9839167  0.98228204 0.97584313 0.90840393 0.39146563
 0.27285266 0.16256872 0.14591265]"
XGBoost,RNF152,ITIH5,OR4K2,RARRES1,"[0.0, 0.2, 0.2, 0.3, 0.3, 0.3, 0.3, 0.5, 0.5, 0.7, 0.7, 0.8, 0.8, 1.0]","[0.0, 0.8415841584158416, 0.8514851485148515, 0.8514851485148515, 0.9306930693069307, 0.9405940594059405, 0.9603960396039604, 0.9603960396039604, 0.9702970297029703, 0.9702970297029703, 0.9900990099009901, 0.9900990099009901, 1.0, 1.0]","[       inf 0.97441894 0.962497   0.96056396 0.96006554 0.95674586
 0.83731216 0.8194279  0.80848426 0.55002517 0.43607613 0.3664684
 0.2943311  0.17059782]"
