estimator_name,gene_0,gene_1,gene_2,gene_3,accuracy,recall,specificity,precision,f1_score,AUC,MCC,fbeta2_score
XGBoost,CDX2,ITIH5,OR4K2,RARRES1,0.7350000000000001,0.9700000000000001,0.5,0.6595238095238096,0.7849999999999999,0.8450000000000001,0.5350759225743336,0.8863636363636364
XGBoost,GCM2,ITIH5,OR4K2,RARRES1,0.635,0.9700000000000001,0.29999999999999993,0.5805147058823529,0.7262108262108261,0.857,0.3690588176458821,0.8551065162907268
XGBoost,HAAO,ITIH5,OR4K2,RARRES1,0.7350000000000001,0.9700000000000001,0.5,0.6595238095238096,0.7849999999999999,0.8350000000000002,0.5350759225743336,0.8863636363636364
XGBoost,RNF152,ITIH5,OR4K2,RARRES1,0.635,0.9700000000000001,0.29999999999999993,0.5805147058823529,0.7262108262108261,0.868,0.3690588176458821,0.8551065162907268
XGBoost,CDX2,ITIH5,OR4K2,RARRES1,0.9200000000000002,0.9099999999999999,0.9299999999999999,0.9285714285714286,0.9191919191919192,0.9626100000000001,0.8401680504168059,0.9136546184738956
XGBoost,GCM2,ITIH5,OR4K2,RARRES1,0.925,0.9200000000000002,0.9299999999999999,0.9292929292929293,0.9246231155778892,0.956745,0.8500425031877656,0.9218436873747498
XGBoost,HAAO,ITIH5,OR4K2,RARRES1,0.9200000000000002,0.9099999999999999,0.9299999999999999,0.9285714285714286,0.9191919191919192,0.94866,0.8401680504168059,0.9136546184738956
XGBoost,RNF152,ITIH5,OR4K2,RARRES1,0.9200000000000002,0.9099999999999999,0.9299999999999999,0.9285714285714286,0.9191919191919192,0.96427,0.8401680504168059,0.9136546184738956
