accuracy_diff,recall_diff,f1_score_diff,AUC_diff,MCC_diff,fbeta2_score_diff,train_model
0.023927334602641605,0.019787131967519068,0.013171526582931397,0.04723787901740149,0.14002803866903962,0.017159935639184547,DecisionTree
0.0169909899104988,0.016340020256223543,0.009365344983902808,0.009589315810866767,0.09682841682690957,0.013570745014624231,RandomForest
0.011943240933691196,0.01375957284244574,0.006632728256544318,0.0031207734909901807,0.06127148079794893,0.010932554043442639,SVM
0.015158613555612193,0.015163737806286576,0.008407704508649399,0.008179743214370922,0.0807870199554487,0.012491180351645504,XGBoost
