ID,gene,dbeta,feature,cluster
cg23631930,CMTM5,0.1720746507735138,TSS200,2
cg12440062,CRISP2,0.2002731331713274,TSS200,2
cg05724197,CX3CL1,0.198135817887161,TSS1500,2
cg04225088,HIPK3,0.1500014426601371,TSS1500,4
cg11775521,KCNE3,0.2635759437848026,TSS200,3
cg04927004,MIR124-3,0.1778444400772161,TSS1500,1
cg07211259,PDCD1LG2,0.1528460566518718,TSS200,3
cg22746058,PTF1A,0.1899837383577875,TSS1500,4
cg26106778,RING1,0.1862639818698969,TSS1500,4
cg05884032,SALL3,0.1518573785209497,TSS200,4