accuracy_diff,recall_diff,f1_score_diff,AUC_diff,MCC_diff,fbeta2_score_diff,train_model
0.019174159174159176,0.012064393939393925,0.01068829000140834,0.040831152433425145,0.08800403902799495,0.0115297776558624,DecisionTree
0.015725940725940735,0.010662878787878766,0.008676174273834653,0.007528810835629007,0.07181902530080181,0.009881251412031906,RandomForest
0.01032717282717282,0.008181818181818196,0.00449679203727395,0.002458103764921932,0.050416645120947255,0.006724552675482787,SVM
0.011047286047285975,0.00507575757575755,0.004696510193487513,0.006594180440771346,0.05612744913806369,0.004932356362297307,XGBoost
