estimator_name,gene_0,gene_1,gene_2,gene_3,accuracy,recall,specificity,precision,f1_score,AUC,MCC,fbeta2_score
DecisionTree,CDX2,ITIH5,OR4K2,RARRES1,0.9727891156462585,0.9925187032418953,0.775,0.9778869778869779,0.9851485148514851,0.9938279301745636,0.8263318381035584,0.989557434112382
DecisionTree,GCM2,ITIH5,OR4K2,RARRES1,0.9909297052154195,0.9900249376558603,1.0,1.0,0.9949874686716792,0.9995012468827931,0.9486952464286077,0.9920039980009995
DecisionTree,HAAO,ITIH5,OR4K2,RARRES1,0.9750566893424036,0.9775561097256857,0.95,0.9949238578680203,0.9861635220125786,0.9960723192019949,0.8632673836552912,0.980980980980981
DecisionTree,RNF152,ITIH5,OR4K2,RARRES1,0.9727891156462585,0.9825436408977556,0.875,0.9874686716791979,0.985,0.994139650872818,0.8389717157536505,0.9835247129306041
DecisionTree,CDX2,ITIH5,OR4K2,RARRES1,1.0,1.0,1.0,1.0,1.0,1.0,1.0,1.0
DecisionTree,GCM2,ITIH5,OR4K2,RARRES1,0.987546699875467,0.9776119402985075,0.9975062344139651,0.9974619289340102,0.9874371859296482,0.9995967791962879,0.9752875921181438,0.9815184815184815
DecisionTree,HAAO,ITIH5,OR4K2,RARRES1,1.0,1.0,1.0,1.0,1.0,1.0,1.0,1.0
DecisionTree,RNF152,ITIH5,OR4K2,RARRES1,0.9813200498132005,0.9701492537313433,0.9925187032418953,0.9923664122137404,0.9811320754716981,0.9992617957593578,0.9628830142304393,0.974512743628186
