estimator_name,gene_0,gene_1,gene_2,gene_3,fpr,tpr,threshold
DecisionTree,CDX2,ITIH5,OR4K2,RARRES1,"[0.0, 0.0, 0.075, 0.225, 0.375, 1.0]","[0.0, 0.9551122194513716, 0.970074812967581, 0.9925187032418953, 1.0, 1.0]",[       inf 1.         0.66666667 0.6        0.33333333 0.        ]
DecisionTree,GCM2,ITIH5,OR4K2,RARRES1,"[0.0, 0.0, 0.1, 1.0]","[0.0, 0.9900249376558603, 1.0, 1.0]",[inf 1.  0.5 0. ]
DecisionTree,HAAO,ITIH5,OR4K2,RARRES1,"[0.0, 0.0, 0.05, 0.25, 0.3, 1.0]","[0.0, 0.9675810473815462, 0.9775561097256857, 0.9975062344139651, 1.0, 1.0]",[       inf 1.         0.66666667 0.5        0.33333333 0.        ]
DecisionTree,RNF152,ITIH5,OR4K2,RARRES1,"[0.0, 0.0, 0.025, 0.125, 0.175, 0.25, 0.4, 1.0]","[0.0, 0.9526184538653366, 0.9625935162094763, 0.9825436408977556, 0.9875311720698254, 0.9925187032418953, 1.0, 1.0]","[       inf 1.         0.8        0.66666667 0.5        0.4
 0.33333333 0.        ]"
DecisionTree,CDX2,ITIH5,OR4K2,RARRES1,"[0.0, 0.0, 1.0]","[0.0, 1.0, 1.0]",[inf  1.  0.]
DecisionTree,GCM2,ITIH5,OR4K2,RARRES1,"[0.0, 0.0, 0.0024937655860349127, 0.012468827930174564, 0.02743142144638404, 0.04239401496259352, 1.0]","[0.0, 0.972636815920398, 0.9776119402985075, 0.9875621890547264, 0.9950248756218906, 1.0, 1.0]","[       inf 1.         0.66666667 0.5        0.33333333 0.25
 0.        ]"
DecisionTree,HAAO,ITIH5,OR4K2,RARRES1,"[0.0, 0.0, 1.0]","[0.0, 1.0, 1.0]",[inf  1.  0.]
DecisionTree,RNF152,ITIH5,OR4K2,RARRES1,"[0.0, 0.0, 0.007481296758104738, 0.032418952618453865, 0.04239401496259352, 1.0]","[0.0, 0.9552238805970149, 0.9701492537313433, 0.9950248756218906, 1.0, 1.0]",[       inf 1.         0.66666667 0.5        0.33333333 0.        ]
