estimator_name,gene_0,gene_1,gene_2,gene_3,accuracy,recall,specificity,precision,f1_score,AUC,MCC,fbeta2_score
DecisionTree,CDX2,ITIH5,OR4K2,RARRES1,0.9727891156462585,0.9925187032418953,0.775,0.9778869778869779,0.9851485148514851,0.9938279301745636,0.8263318381035584,0.989557434112382
DecisionTree,GCM2,ITIH5,OR4K2,RARRES1,0.9909297052154195,0.9900249376558603,1.0,1.0,0.9949874686716792,0.9995012468827931,0.9486952464286077,0.9920039980009995
DecisionTree,HAAO,ITIH5,OR4K2,RARRES1,0.9750566893424036,0.9775561097256857,0.95,0.9949238578680203,0.9861635220125786,0.9960723192019949,0.8632673836552912,0.980980980980981
DecisionTree,RNF152,ITIH5,OR4K2,RARRES1,0.9727891156462585,0.9825436408977556,0.875,0.9874686716791979,0.985,0.994139650872818,0.8389717157536505,0.9835247129306041
