estimator_name,gene_0,gene_1,gene_2,gene_3,accuracy,recall,specificity,precision,f1_score,AUC,MCC,fbeta2_score
RandomForest,CDX2,ITIH5,OR4K2,RARRES1,0.9795918367346939,0.9900249376558603,0.875,0.9875621890547264,0.9887920298879203,0.9972568578553616,0.8749545214421762,0.9895314057826521
RandomForest,GCM2,ITIH5,OR4K2,RARRES1,0.9750566893424036,0.9875311720698254,0.85,0.9850746268656716,0.9863013698630136,0.9943890274314214,0.847145156112014,0.9870388833499502
RandomForest,HAAO,ITIH5,OR4K2,RARRES1,0.9795918367346939,0.9900249376558603,0.875,0.9875621890547264,0.9887920298879203,0.996571072319202,0.8749545214421762,0.9895314057826521
RandomForest,RNF152,ITIH5,OR4K2,RARRES1,0.9727891156462585,0.9875311720698254,0.825,0.9826302729528535,0.9850746268656716,0.9944513715710723,0.8315682359666569,0.9865470852017937
