estimator_name,gene_0,gene_1,gene_2,gene_3,accuracy,recall,specificity,precision,f1_score,AUC,MCC,fbeta2_score
SVM,CDX2,ITIH5,OR4K2,RARRES1,0.9591836734693877,0.9675810473815462,0.875,0.9872773536895675,0.9773299748110831,0.9695137157107233,0.7769569827615951,0.971457185778668
SVM,GCM2,ITIH5,OR4K2,RARRES1,0.9591836734693877,0.9675810473815462,0.875,0.9872773536895675,0.9773299748110831,0.9693266832917705,0.7769569827615951,0.971457185778668
SVM,HAAO,ITIH5,OR4K2,RARRES1,0.9614512471655329,0.970074812967581,0.875,0.9873096446700508,0.9786163522012579,0.9405236907730674,0.7865028488672855,0.9734734734734735
SVM,RNF152,ITIH5,OR4K2,RARRES1,0.9614512471655329,0.972568578553616,0.85,0.9848484848484849,0.9786700125470514,0.9437032418952619,0.7804057272153413,0.975
