estimator_name,gene_0,gene_1,gene_2,gene_3,accuracy,recall,specificity,precision,f1_score,AUC,MCC,fbeta2_score
SVM,CDX2,ITIH5,OR4K2,RARRES1,0.9591836734693877,0.9675810473815462,0.875,0.9872773536895675,0.9773299748110831,0.9695137157107233,0.7769569827615951,0.971457185778668
SVM,GCM2,ITIH5,OR4K2,RARRES1,0.9591836734693877,0.9675810473815462,0.875,0.9872773536895675,0.9773299748110831,0.9693266832917705,0.7769569827615951,0.971457185778668
SVM,HAAO,ITIH5,OR4K2,RARRES1,0.9614512471655329,0.970074812967581,0.875,0.9873096446700508,0.9786163522012579,0.9405236907730674,0.7865028488672855,0.9734734734734735
SVM,RNF152,ITIH5,OR4K2,RARRES1,0.9614512471655329,0.972568578553616,0.85,0.9848484848484849,0.9786700125470514,0.9437032418952619,0.7804057272153413,0.975
SVM,CDX2,ITIH5,OR4K2,RARRES1,0.9277708592777086,0.9378109452736318,0.9177057356608479,0.9195121951219513,0.9285714285714286,0.9637349412538306,0.8557078009043079,0.9340931615460852
SVM,GCM2,ITIH5,OR4K2,RARRES1,0.9302615193026152,0.9552238805970149,0.9052369077306733,0.909952606635071,0.9320388349514563,0.9665574868798154,0.8615839172471322,0.9458128078817734
SVM,HAAO,ITIH5,OR4K2,RARRES1,0.9315068493150684,0.9477611940298507,0.9152119700748129,0.9180722891566265,0.9326805385556916,0.9700375925857,0.8634607332252929,0.9416707859614434
SVM,RNF152,ITIH5,OR4K2,RARRES1,0.925280199252802,0.9328358208955224,0.9177057356608479,0.9191176470588235,0.9259259259259259,0.9569422215605264,0.8506523793977928,0.9300595238095238
