estimator_name,gene_0,gene_1,gene_2,gene_3,fpr,tpr,threshold
Voting,CDX2,ITIH5,OR4K2,RARRES1,"[0.0, 0.0, 0.0, 1.0]","[0.0, 0.0024937655860349127, 1.0, 1.0]",[       inf 0.99717577 0.64654781 0.04360058]
Voting,GCM2,ITIH5,OR4K2,RARRES1,"[0.0, 0.0, 0.0, 1.0]","[0.0, 0.0024937655860349127, 1.0, 1.0]",[       inf 0.99800645 0.59244471 0.03956634]
Voting,HAAO,ITIH5,OR4K2,RARRES1,"[0.0, 0.0, 0.0, 1.0]","[0.0, 0.0024937655860349127, 1.0, 1.0]",[       inf 0.99852735 0.64238895 0.04990019]
Voting,RNF152,ITIH5,OR4K2,RARRES1,"[0.0, 0.0, 0.0, 1.0]","[0.0, 0.0024937655860349127, 1.0, 1.0]",[       inf 0.99815701 0.62219233 0.03432901]
Voting,CDX2,ITIH5,OR4K2,RARRES1,"[0.0, 0.0, 0.0, 1.0]","[0.0, 0.0024875621890547263, 1.0, 1.0]",[       inf 0.99298544 0.55902437 0.00598877]
Voting,GCM2,ITIH5,OR4K2,RARRES1,"[0.0, 0.0, 0.0, 1.0]","[0.0, 0.0024875621890547263, 1.0, 1.0]",[       inf 0.99029213 0.55828642 0.00642143]
Voting,HAAO,ITIH5,OR4K2,RARRES1,"[0.0, 0.0, 0.0, 1.0]","[0.0, 0.0024875621890547263, 1.0, 1.0]",[       inf 0.9954499  0.57257478 0.00517082]
Voting,RNF152,ITIH5,OR4K2,RARRES1,"[0.0, 0.0, 0.0, 1.0]","[0.0, 0.0024875621890547263, 1.0, 1.0]",[       inf 0.99311641 0.59141361 0.00652278]
