estimator_name,gene_0,gene_1,gene_2,gene_3,accuracy,recall,specificity,precision,f1_score,AUC,MCC,fbeta2_score
XGBoost,CDX2,ITIH5,OR4K2,RARRES1,0.9682539682539683,0.9775561097256857,0.875,0.9874055415617129,0.9824561403508771,0.9821695760598504,0.8169652074881115,0.9795102448775612
XGBoost,GCM2,ITIH5,OR4K2,RARRES1,0.9614512471655329,0.9825436408977556,0.75,0.9752475247524752,0.9788819875776398,0.9745947630922693,0.7588293847048618,0.9810756972111554
XGBoost,HAAO,ITIH5,OR4K2,RARRES1,0.9591836734693877,0.970074812967581,0.85,0.9848101265822785,0.9773869346733668,0.9769638403990024,0.7705098444932131,0.9729864932466233
XGBoost,RNF152,ITIH5,OR4K2,RARRES1,0.9659863945578231,0.9850374064837906,0.775,0.9777227722772277,0.9813664596273292,0.9881546134663342,0.7873097045903805,0.9835657370517928
