estimator_name,gene_0,gene_1,gene_2,gene_3,accuracy,recall,specificity,precision,f1_score,AUC,MCC,fbeta2_score
DecisionTree,FGF12,IMMP2L,RAX,SLCO4C1,1.0,1.0,1.0,1.0,1.0,1.0,1.0,1.0
DecisionTree,FGF12,IMMP2L,RAX,TMEFF2,0.875,1.0,0.75,0.8,0.8888888888888888,1.0,0.7745966692414834,0.9523809523809523
DecisionTree,SERPINB5,IMMP2L,RAX,SLCO4C1,0.875,1.0,0.75,0.8,0.8888888888888888,0.875,0.7745966692414834,0.9523809523809523
DecisionTree,SERPINB5,IMMP2L,RAX,TMEFF2,0.75,1.0,0.5,0.6666666666666666,0.8,0.75,0.5773502691896258,0.9090909090909091
DecisionTree,SH3D19,IMMP2L,RAX,SLCO4C1,0.75,1.0,0.5,0.6666666666666666,0.8,0.9375,0.5773502691896258,0.9090909090909091
DecisionTree,SH3D19,IMMP2L,RAX,TMEFF2,0.75,1.0,0.5,0.6666666666666666,0.8,0.75,0.5773502691896258,0.9090909090909091
DecisionTree,SIAH3,IMMP2L,RAX,SLCO4C1,0.625,1.0,0.25,0.5714285714285714,0.7272727272727273,0.6875,0.3779644730092272,0.8695652173913043
DecisionTree,SIAH3,IMMP2L,RAX,TMEFF2,0.875,1.0,0.75,0.8,0.8888888888888888,0.8125,0.7745966692414834,0.9523809523809523
