estimator_name,gene_0,gene_1,gene_2,gene_3,fpr,tpr,threshold
SVM,FGF12,IMMP2L,RAX,SLCO4C1,"[0.0, 0.0, 0.0, 0.25, 0.25, 1.0]","[0.0, 0.25, 0.5, 0.5, 1.0, 1.0]",[       inf 0.94302451 0.91808563 0.90662605 0.86420833 0.16153886]
SVM,FGF12,IMMP2L,RAX,TMEFF2,"[0.0, 0.0, 0.0, 1.0]","[0.0, 0.25, 1.0, 1.0]",[       inf 0.93705646 0.72234174 0.23874885]
SVM,SERPINB5,IMMP2L,RAX,SLCO4C1,"[0.0, 0.0, 0.0, 1.0]","[0.0, 0.25, 1.0, 1.0]",[       inf 0.89845614 0.79527161 0.09022769]
SVM,SERPINB5,IMMP2L,RAX,TMEFF2,"[0.0, 0.0, 0.0, 1.0]","[0.0, 0.25, 1.0, 1.0]",[       inf 0.91833718 0.63162379 0.32910355]
SVM,SH3D19,IMMP2L,RAX,SLCO4C1,"[0.0, 0.0, 0.0, 0.5, 0.5, 1.0]","[0.0, 0.25, 0.5, 0.5, 1.0, 1.0]",[       inf 0.99269226 0.90705209 0.64087441 0.39861814 0.04321368]
SVM,SH3D19,IMMP2L,RAX,TMEFF2,"[0.0, 0.0, 0.0, 0.25, 0.25, 0.5, 0.5, 1.0]","[0.0, 0.25, 0.5, 0.5, 0.75, 0.75, 1.0, 1.0]","[       inf 0.97005389 0.87506277 0.64821182 0.64560666 0.62094516
 0.40447674 0.13402646]"
SVM,SIAH3,IMMP2L,RAX,SLCO4C1,"[0.0, 0.0, 0.0, 0.25, 0.25, 1.0]","[0.0, 0.25, 0.75, 0.75, 1.0, 1.0]",[       inf 0.96001825 0.70242735 0.66464014 0.64058545 0.2279463 ]
SVM,SIAH3,IMMP2L,RAX,TMEFF2,"[0.0, 0.25, 0.75, 1.0, 1.0]","[0.0, 0.0, 0.0, 0.25, 1.0]",[       inf 0.53415418 0.52307159 0.5        0.45146892]
