Model,Features,Accuracy,Selected Features
SVM,89,1.0,"     Unnamed: 0
1    cg05047401
2    cg06355129
3    cg07790615
4    cg09106903
11   cg23049458
..          ...
378  cg10100887
380  cg24182521
381  cg26029902
383  cg15242225
387  cg20486569

[89 rows x 1 columns]"
Logistic Regression,23,1.0,"     Unnamed: 0
30   cg16768018
57   cg18675097
64   cg14625175
76   cg24848035
88   cg17538572
94   cg14416371
96   cg19811337
98   cg00765705
147  cg15215348
184  cg14856606
197  cg26026748
207  cg15602548
221  cg17578639
225  cg06274159
253  cg24067911
258  cg01556466
328  cg12496211
332  cg21253043
338  cg16727923
345  cg10974980
354  cg04191427
378  cg10100887
383  cg15242225"
Decision Tree,3,0.9887640449438202,"     Unnamed: 0
57   cg18675097
146  cg14231297
332  cg21253043"
Random Forest,355,0.9887640449438202,"     Unnamed: 0
1    cg05047401
2    cg06355129
3    cg07790615
4    cg09106903
5    cg14156405
..          ...
375  cg06132069
376  cg06571407
377  cg07198552
378  cg10100887
379  cg21367256

[355 rows x 1 columns]"
XGBoost,2,0.9887640449438202,"     Unnamed: 0
146  cg14231297
149  cg25352836"
