Model,Features,Accuracy,Selected Features
SVM,15,0.9887640449438202,"30     cg16768018
32     cg20072171
64     cg14625175
81     cg14416311
94     cg14416371
110    cg27360326
147    cg15215348
158    cg22348992
171    cg06203976
197    cg26026748
219    cg16428251
272    cg21959598
332    cg21253043
354    cg04191427
378    cg10100887
Name: Unnamed: 0, dtype: object"
Logistic Regression,15,1.0,"30     cg16768018
57     cg18675097
76     cg24848035
88     cg17538572
94     cg14416371
96     cg19811337
147    cg15215348
197    cg26026748
221    cg17578639
328    cg12496211
338    cg16727923
345    cg10974980
354    cg04191427
378    cg10100887
383    cg15242225
Name: Unnamed: 0, dtype: object"
Decision Tree,15,0.9887640449438202,"57     cg18675097
60     cg00840332
61     cg04778012
62     cg06173663
63     cg13476133
64     cg14625175
146    cg14231297
325    cg08337166
326    cg10646402
327    cg12122146
328    cg12496211
329    cg13391820
330    cg15341350
331    cg19256314
332    cg21253043
Name: Unnamed: 0, dtype: object"
Random Forest,15,0.9887640449438202,"1      cg05047401
57     cg18675097
62     cg06173663
103    cg25136495
109    cg26444528
146    cg14231297
149    cg25352836
163    cg26995244
197    cg26026748
207    cg15602548
251    cg22871253
280    cg08754088
325    cg08337166
332    cg21253043
371    cg14575739
Name: Unnamed: 0, dtype: object"
XGBoost,15,0.9887640449438202,"1      cg05047401
30     cg16768018
143    cg25547580
146    cg14231297
147    cg15215348
149    cg25352836
184    cg14856606
188    cg19313373
197    cg26026748
216    cg15000071
221    cg17578639
227    cg10019467
258    cg01556466
284    cg14089503
332    cg21253043
Name: Unnamed: 0, dtype: object"
