ID,methylation_level_I,methylation_level_II,methylation_level_III,methylation_level_IV
cg14502484,0.368847412,0.360622976,0.400730133,0.337919355
cg07792478,0.413568849,0.425260433,0.409521352,0.390571268
cg24848035,0.4230473,0.418185116,0.443277002,0.322379011
cg14231297,0.399683822,0.412078663,0.41034838,0.367166782
cg17152757,0.336013669,0.362927564,0.372345515,0.413924057
cg04574090,0.393474593,0.424271647,0.456915743,0.410304098
