ID,Normal,Stage_I,Stage_II,Stage_III,Stage_IV
cg14502484,3.619670428223771e-17,0.3688474115575897,0.36062297642965446,0.40073013322937906,0.3379193553041177
cg07792478,-4.43516929940462e-18,0.41356884912732905,0.4252604325826238,0.409521352087496,0.3905712681765278
cg24848035,-4.7213092542049185e-18,0.4230473004442845,0.4181851157420892,0.4432770016663237,0.3223790111925942
cg14231297,4.1347223468643073e-17,0.39968382206158043,0.4120786626681257,0.41034838043994476,0.3671667820000409
cg17152757,-2.088821670042176e-17,0.33601366904786867,0.36292756445405266,0.37234551498339014,0.4139240571629577
cg04574090,8.298058689208644e-18,0.39347459326313017,0.42427164677690227,0.4569157428103233,0.4103040982411658
