estimator_name,gene_0,gene_1,gene_2,gene_3,accuracy,recall,specificity,precision,f1_score,AUC,MCC,fbeta2_score
RandomForest,FNDC1,KCNA1,RSPO3,SMAD9,1.0,1.0,1.0,1.0,1.0,1.0,1.0,1.0
RandomForest,FNDC1,KCNA1,TIAM1,SMAD9,1.0,1.0,1.0,1.0,1.0,1.0,1.0,1.0
RandomForest,FNDC1,KCNA1,TMEM108,SMAD9,0.9916839916839917,0.9949367088607595,0.9767441860465116,0.9949367088607595,0.9949367088607595,0.9998822490432735,0.9716808949072712,0.9949367088607595
RandomForest,FNDC1,SLC13A5,RSPO3,SMAD9,1.0,1.0,1.0,1.0,1.0,1.0,1.0,1.0
RandomForest,FNDC1,SLC13A5,TIAM1,SMAD9,0.9916839916839917,0.9949367088607595,0.9767441860465116,0.9949367088607595,0.9949367088607595,0.9995878716514572,0.9716808949072712,0.9949367088607595
RandomForest,FNDC1,SLC13A5,TMEM108,SMAD9,1.0,1.0,1.0,1.0,1.0,1.0,1.0,1.0
RandomForest,FNDC1,SLC22A16,RSPO3,SMAD9,1.0,1.0,1.0,1.0,1.0,1.0,1.0,1.0
RandomForest,FNDC1,SLC22A16,TIAM1,SMAD9,0.9937629937629938,0.9949367088607595,0.9883720930232558,0.9974619289340102,0.9961977186311787,0.9997056226081836,0.9788811440730225,0.9954407294832827
RandomForest,FNDC1,SLC22A16,TMEM108,SMAD9,1.0,1.0,1.0,1.0,1.0,1.0,1.0,1.0
