estimator_name,gene_0,gene_1,gene_2,gene_3,accuracy,recall,specificity,precision,f1_score,AUC,MCC,fbeta2_score
SVM,FNDC1,KCNA1,RSPO3,SMAD9,0.9854469854469855,0.9873417721518988,0.9767441860465116,0.9948979591836735,0.9911054637865311,0.9981159846923756,0.9513175178699161,0.9888438133874239
SVM,FNDC1,KCNA1,TIAM1,SMAD9,0.9875259875259875,0.9898734177215189,0.9767441860465116,0.9949109414758269,0.9923857868020305,0.9976744186046511,0.957998573278855,0.9908768373035985
SVM,FNDC1,KCNA1,TMEM108,SMAD9,0.9854469854469855,0.9898734177215189,0.9651162790697675,0.9923857868020305,0.991128010139417,0.9983809243450104,0.950689554676913,0.9903748733535968
SVM,FNDC1,SLC13A5,RSPO3,SMAD9,0.975051975051975,0.9822784810126582,0.9418604651162791,0.9872773536895675,0.9847715736040609,0.9967029732116574,0.9158986847040776,0.9832742017232641
SVM,FNDC1,SLC13A5,TIAM1,SMAD9,0.9812889812889813,0.9848101265822785,0.9651162790697675,0.9923469387755102,0.98856416772554,0.9973211657344716,0.9373454956990633,0.9863083164300203
SVM,FNDC1,SLC13A5,TMEM108,SMAD9,0.9833679833679834,0.9873417721518988,0.9651162790697675,0.9923664122137404,0.9898477157360406,0.9980276714748307,0.9439652770872625,0.988342625443487
SVM,FNDC1,SLC22A16,RSPO3,SMAD9,0.9771309771309772,0.979746835443038,0.9651162790697675,0.9923076923076923,0.9859872611464968,0.9947895201648513,0.9244079443194556,0.9822335025380711
SVM,FNDC1,SLC22A16,TIAM1,SMAD9,0.9688149688149689,0.9746835443037974,0.9418604651162791,0.9871794871794872,0.9808917197452229,0.9933176332057698,0.8967019143965558,0.9771573604060914
SVM,FNDC1,SLC22A16,TMEM108,SMAD9,0.975051975051975,0.9822784810126582,0.9418604651162791,0.9872773536895675,0.9847715736040609,0.9960553429496616,0.9158986847040776,0.9832742017232641
