estimator_name,gene_0,gene_1,gene_2,gene_3,fpr,tpr,threshold
Voting,FNDC1,KCNA1,RSPO3,SMAD9,"[0.0, 0.0, 0.0, 1.0]","[0.0, 0.002531645569620253, 1.0, 1.0]",[       inf 0.99996222 0.66104    0.00330547]
Voting,FNDC1,KCNA1,TIAM1,SMAD9,"[0.0, 0.0, 0.0, 1.0]","[0.0, 0.002531645569620253, 1.0, 1.0]",[       inf 0.99997264 0.62127043 0.00380949]
Voting,FNDC1,KCNA1,TMEM108,SMAD9,"[0.0, 0.0, 0.0, 1.0]","[0.0, 0.002531645569620253, 1.0, 1.0]",[       inf 0.99996921 0.61249118 0.00291688]
Voting,FNDC1,SLC13A5,RSPO3,SMAD9,"[0.0, 0.0, 0.0, 1.0]","[0.0, 0.002531645569620253, 1.0, 1.0]",[       inf 0.9999508  0.66509498 0.00692031]
Voting,FNDC1,SLC13A5,TIAM1,SMAD9,"[0.0, 0.0, 0.0, 1.0]","[0.0, 0.002531645569620253, 1.0, 1.0]",[       inf 0.99995999 0.64204506 0.00610781]
Voting,FNDC1,SLC13A5,TMEM108,SMAD9,"[0.0, 0.0, 0.0, 1.0]","[0.0, 0.002531645569620253, 1.0, 1.0]",[       inf 0.99994952 0.63762345 0.00492784]
Voting,FNDC1,SLC22A16,RSPO3,SMAD9,"[0.0, 0.0, 0.0, 1.0]","[0.0, 0.002531645569620253, 1.0, 1.0]",[       inf 0.99994483 0.67249981 0.00434017]
Voting,FNDC1,SLC22A16,TIAM1,SMAD9,"[0.0, 0.0, 0.0, 1.0]","[0.0, 0.002531645569620253, 1.0, 1.0]",[       inf 0.99994885 0.62702264 0.00461462]
Voting,FNDC1,SLC22A16,TMEM108,SMAD9,"[0.0, 0.0, 0.0, 1.0]","[0.0, 0.002531645569620253, 1.0, 1.0]",[       inf 0.99997572 0.62196141 0.00383215]
