estimator_name,gene_0,gene_1,gene_2,gene_3,accuracy,recall,specificity,precision,f1_score,AUC,MCC,fbeta2_score
XGBoost,FNDC1,KCNA1,RSPO3,SMAD9,0.9937629937629938,0.9974683544303797,0.9767441860465116,0.9949494949494949,0.9962073324905183,0.9996467471298205,0.9786883830491384,0.9969635627530364
XGBoost,FNDC1,KCNA1,TIAM1,SMAD9,0.9812889812889813,0.9873417721518988,0.9534883720930233,0.9898477157360406,0.9885931558935361,0.998645863997645,0.9365937599788582,0.9878419452887538
XGBoost,FNDC1,KCNA1,TMEM108,SMAD9,0.9771309771309772,0.9848101265822785,0.9418604651162791,0.9873096446700508,0.9860583016476553,0.9969973506034737,0.9224979652808034,0.9853090172239108
XGBoost,FNDC1,SLC13A5,RSPO3,SMAD9,0.9937629937629938,0.9949367088607595,0.9883720930232558,0.9974619289340102,0.9961977186311787,0.9997350603473654,0.9788811440730225,0.9954407294832827
XGBoost,FNDC1,SLC13A5,TIAM1,SMAD9,0.9896049896049897,0.9898734177215189,0.9883720930232558,0.9974489795918368,0.9936467598475223,0.9995584339122755,0.965289540040769,0.9913793103448276
XGBoost,FNDC1,SLC13A5,TMEM108,SMAD9,0.9771309771309772,0.9848101265822785,0.9418604651162791,0.9873096446700508,0.9860583016476553,0.9965116279069768,0.9224979652808034,0.9853090172239108
XGBoost,FNDC1,SLC22A16,RSPO3,SMAD9,0.9916839916839917,0.9949367088607595,0.9767441860465116,0.9949367088607595,0.9949367088607595,0.9995731527818663,0.9716808949072712,0.9949367088607595
XGBoost,FNDC1,SLC22A16,TIAM1,SMAD9,0.9875259875259875,0.9873417721518988,0.9883720930232558,0.9974424552429667,0.9923664122137404,0.9988077715631439,0.9586511917542516,0.989345509893455
XGBoost,FNDC1,SLC22A16,TMEM108,SMAD9,0.9833679833679834,0.9873417721518988,0.9651162790697675,0.9923664122137404,0.9898477157360406,0.9982631733882837,0.9439652770872625,0.988342625443487
