gene,dbeta,feature,ID,cluster
ESM1,-0.1156101142094246,TSS1500,cg16462183,1
INHBE,-0.1106010189492087,TSS1500,cg23998391,1
MIR654,-0.1022287438366928,TSS1500,cg13995230,4
ADNP2,-0.1172571689955889,TSS200,cg24959938,4
CLDN1,-0.1172245066710828,TSS1500,cg03623835,2
UNC13C,-0.1147139988577414,TSS1500,cg06530558,3
VSTM1,-0.1111843963097182,TSS1500,cg12315311,1
ACOT8,-0.1030025202052583,TSS1500,cg08101264,5
PRNT,-0.115671046612931,TSS200,cg26097573,1
